Date,1455008,66231000,MANSO
1981-07-12,0.0,90.928,
1981-07-13,0.0,94.663,
1981-07-14,0.0,93.413,
1981-07-15,0.0,92.168,
1981-07-16,0.0,92.168,
1981-07-17,0.0,90.928,
1981-07-18,0.0,90.928,
1981-07-19,0.0,92.168,
1981-07-20,0.0,90.928,
1981-07-21,0.0,92.168,
1981-07-22,0.0,92.168,
1981-07-23,0.0,92.168,
1981-07-24,0.0,92.168,
1981-07-25,0.0,89.692,
1981-07-26,0.0,90.928,
1981-07-27,0.0,92.168,
1981-07-28,0.0,90.928,
1981-07-29,0.0,90.928,
1981-07-30,0.0,88.46,
1981-07-31,0.0,88.46,
1981-08-01,0.0,88.46,
1981-08-02,0.0,87.233,
1981-08-03,0.0,87.233,
1981-08-04,0.0,86.011,
1981-08-05,0.0,84.794,
1981-08-06,0.0,84.794,
1981-08-07,0.0,78.78,
1981-08-08,0.0,83.582,
1981-08-09,0.0,83.582,
1981-08-10,0.0,83.582,
1981-08-11,0.0,82.374,
1981-08-12,0.0,82.374,
1981-08-13,0.0,83.582,
1981-08-14,0.0,84.794,
1981-08-15,0.0,82.374,
1981-08-16,0.0,86.011,
1981-08-17,0.0,84.794,
1981-08-18,0.0,82.374,
1981-08-19,0.0,84.794,
1981-08-20,0.0,82.374,
1981-08-21,0.0,81.171,
1981-08-22,0.0,79.973,
1981-08-23,0.0,82.374,
1981-08-24,0.0,82.374,
1981-08-25,0.0,81.171,
1981-08-26,0.0,79.973,
1981-08-27,0.0,79.973,
1981-08-28,0.0,81.171,
1981-08-29,0.0,79.973,
1981-08-30,0.0,79.973,
1981-08-31,0.0,78.78,
1981-09-01,0.0,77.591,
1981-09-02,0.0,77.591,
1981-09-03,0.0,77.591,
1981-09-04,0.0,78.78,
1981-09-05,0.0,77.591,
1981-09-06,0.0,77.591,
1981-09-07,0.0,79.973,
1981-09-08,0.0,75.229,
1981-09-09,0.0,77.591,
1981-09-10,0.0,76.408,
1981-09-11,0.0,76.408,
1981-09-12,0.0,76.408,
1981-09-13,0.0,76.408,
1981-09-14,0.0,77.591,
1981-09-15,0.0,72.888,
1981-09-16,0.0,76.408,
1981-09-17,0.0,76.408,
1981-09-18,0.0,75.229,
1981-09-19,0.0,76.408,
1981-09-20,0.0,82.374,
1981-09-21,0.0,79.973,
1981-09-22,0.0,90.928,
1981-09-23,0.0,87.233,
1981-09-24,0.0,86.011,
1981-09-25,0.0,79.973,
1981-09-26,0.0,77.591,
1981-09-27,0.0,77.591,
1981-09-28,0.0,76.408,
1981-09-29,5.6,83.582,
1981-09-30,2.5,119.238,
1981-10-01,0.0,111.312,
1981-10-02,0.0,93.413,
1981-10-03,0.0,88.46,
1981-10-04,0.0,82.374,
1981-10-05,0.0,84.794,
1981-10-06,0.0,83.582,
1981-10-07,0.0,83.582,
1981-10-08,0.0,103.536,
1981-10-09,0.0,97.176,
1981-10-10,19.8,83.582,
1981-10-11,0.0,111.312,
1981-10-12,0.0,120.574,
1981-10-13,0.0,169.736,
1981-10-14,0.0,175.637,
1981-10-15,0.0,134.148,
1981-10-16,1.1,107.405,
1981-10-17,0.0,93.413,
1981-10-18,0.0,90.928,
1981-10-19,0.0,121.913,
1981-10-20,26.2,121.913,
1981-10-21,0.0,102.256,
1981-10-22,0.0,97.176,
1981-10-23,0.0,100.979,
1981-10-24,0.0,94.663,
1981-10-25,0.0,102.256,
1981-10-26,0.0,106.111,
1981-10-27,0.0,103.536,
1981-10-28,4.2,104.822,
1981-10-29,16.3,143.881,
1981-10-30,0.0,136.91,
1981-10-31,0.0,128.671,
1981-11-01,0.0,119.238,
1981-11-02,5.0,119.238,
1981-11-03,39.2,136.91,
1981-11-04,0.0,146.695,
1981-11-05,0.0,166.806,
1981-11-06,15.8,156.663,
1981-11-07,0.0,142.479,
1981-11-08,0.0,113.938,
1981-11-09,0.0,156.663,
1981-11-10,0.0,153.797,
1981-11-11,21.2,131.402,
1981-11-12,0.0,168.269,
1981-11-13,21.8,143.881,
1981-11-14,7.0,199.78,
1981-11-15,2.7,467.28,
1981-11-16,6.8,240.752,
1981-11-17,4.8,187.602,
1981-11-18,4.4,156.663,
1981-11-19,0.0,153.797,
1981-11-20,47.6,202.856,
1981-11-21,0.0,195.189,
1981-11-22,4.5,248.865,
1981-11-23,0.0,165.346,
1981-11-24,0.0,149.525,
1981-11-25,0.0,121.913,
1981-11-26,13.4,125.956,
1981-11-27,0.0,158.101,
1981-11-28,0.0,132.773,
1981-11-29,0.0,120.574,
1981-11-30,0.0,115.257,
1981-12-01,0.0,108.703,
1981-12-02,0.0,193.665,
1981-12-03,0.0,149.525,
1981-12-04,17.3,131.402,
1981-12-05,0.0,119.238,
1981-12-06,0.0,139.687,
1981-12-07,6.0,120.574,
1981-12-08,0.0,146.695,
1981-12-09,0.0,162.438,
1981-12-10,0.0,146.695,
1981-12-11,12.8,187.602,
1981-12-12,16.2,150.945,
1981-12-13,13.2,260.347,
1981-12-14,5.6,186.095,
1981-12-15,0.0,207.495,
1981-12-16,0.0,175.637,
1981-12-17,0.0,171.206,
1981-12-18,22.1,369.673,
1981-12-19,4.8,649.934,
1981-12-20,0.0,404.611,
1981-12-21,11.6,235.919,
1981-12-22,0.0,239.138,
1981-12-23,0.0,242.368,
1981-12-24,17.5,232.712,
1981-12-25,0.0,282.039,
1981-12-26,0.0,221.583,
1981-12-27,31.9,266.97,
1981-12-28,0.0,162.438,
1981-12-29,0.0,190.627,
1981-12-30,1.4,263.653,
1981-12-31,0.0,201.316,
1982-01-01,0.0,248.865,243.0
1982-01-02,0.0,333.847,329.0
1982-01-03,0.0,295.62,290.0
1982-01-04,0.0,305.919,300.0
1982-01-05,0.0,387.954,386.0
1982-01-06,0.0,299.042,293.0
1982-01-07,0.0,242.368,236.0
1982-01-08,0.0,229.517,224.0
1982-01-09,52.8,333.847,329.0
1982-01-10,3.6,473.098,348.0
1982-01-11,5.0,601.714,628.0
1982-01-12,0.0,548.45,564.0
1982-01-13,0.0,434.688,437.0
1982-01-14,14.7,393.485,392.0
1982-01-15,0.0,311.105,306.0
1982-01-16,0.0,280.353,274.0
1982-01-17,0.0,311.105,306.0
1982-01-18,0.0,323.296,318.0
1982-01-19,0.0,265.31,259.0
1982-01-20,5.6,242.368,236.0
1982-01-21,0.0,307.645,302.0
1982-01-22,0.0,400.893,400.0
1982-01-23,0.0,522.331,535.0
1982-01-24,3.1,572.866,592.0
1982-01-25,97.2,556.557,574.0
1982-01-26,0.0,498.533,508.0
1982-01-27,0.0,465.345,406.0
1982-01-28,0.0,530.331,544.0
1982-01-29,0.0,566.735,585.0
1982-01-30,9.2,498.533,508.0
1982-01-31,4.0,614.195,640.0
1982-02-01,0.0,591.367,614.0
1982-02-02,12.1,935.666,1034.0
1982-02-03,78.2,1006.577,1126.0
1982-02-04,0.0,938.006,1037.0
1982-02-05,0.0,595.5,618.0
1982-02-06,22.5,585.182,607.0
1982-02-07,0.0,467.28,473.0
1982-02-08,0.0,482.837,490.0
1982-02-09,0.0,438.489,441.0
1982-02-10,0.0,399.037,398.0
1982-02-11,0.0,358.821,355.0
1982-02-12,3.2,339.157,335.0
1982-02-13,0.0,293.913,288.0
1982-02-14,0.0,276.991,271.0
1982-02-15,8.0,242.368,236.0
1982-02-16,3.5,321.547,316.0
1982-02-17,0.0,312.838,307.0
1982-02-18,4.2,311.105,306.0
1982-02-19,0.0,263.653,257.0
1982-02-20,0.0,232.712,227.0
1982-02-21,0.0,216.859,211.0
1982-02-22,0.0,270.299,264.0
1982-02-23,0.0,205.946,201.0
1982-02-24,22.8,434.688,437.0
1982-02-25,0.0,367.858,365.0
1982-02-26,1.7,384.279,382.0
1982-02-27,0.0,335.615,331.0
1982-02-28,0.0,276.991,271.0
1982-03-01,0.0,255.409,249.0
1982-03-02,0.4,260.347,254.0
1982-03-03,12.5,278.671,273.0
1982-03-04,6.8,309.373,304.0
1982-03-05,1.8,342.71,338.0
1982-03-06,2.5,463.412,469.0
1982-03-07,11.2,484.792,492.0
1982-03-08,4.6,593.432,616.0
1982-03-09,2.5,658.422,692.0
1982-03-10,2.6,775.888,834.0
1982-03-11,3.5,740.538,791.0
1982-03-12,3.5,681.921,720.0
1982-03-13,0.0,585.182,607.0
1982-03-14,4.6,558.588,576.0
1982-03-15,6.9,461.482,466.0
1982-03-16,6.4,440.393,443.0
1982-03-17,0.0,357.021,353.0
1982-03-18,0.0,311.105,306.0
1982-03-19,0.0,304.196,299.0
1982-03-20,3.4,369.673,367.0
1982-03-21,3.2,364.236,361.0
1982-03-22,0.0,344.49,340.0
1982-03-23,0.0,290.506,285.0
1982-03-24,0.0,311.105,306.0
1982-03-25,0.0,260.347,254.0
1982-03-26,2.2,285.417,279.0
1982-03-27,0.0,271.968,266.0
1982-03-28,0.0,240.752,235.0
1982-03-29,0.0,220.005,214.0
1982-03-30,0.0,213.725,208.0
1982-03-31,0.0,202.856,198.0
1982-04-01,0.0,207.495,202.0
1982-04-02,2.8,346.272,342.0
1982-04-03,0.0,400.893,400.0
1982-04-04,0.0,253.769,248.0
1982-04-05,0.0,224.747,219.0
1982-04-06,0.0,202.856,198.0
1982-04-07,0.0,196.716,192.0
1982-04-08,0.0,195.189,190.0
1982-04-09,0.0,193.665,189.0
1982-04-10,0.0,180.099,176.0
1982-04-11,0.0,174.156,170.0
1982-04-12,2.2,212.163,207.0
1982-04-13,3.1,213.725,208.0
1982-04-14,55.6,475.041,481.0
1982-04-15,0.9,767.008,823.0
1982-04-16,0.0,919.325,1013.0
1982-04-17,0.0,463.412,469.0
1982-04-18,0.0,373.31,371.0
1982-04-19,0.0,335.615,331.0
1982-04-20,0.0,285.417,279.0
1982-04-21,14.4,268.634,262.0
1982-04-22,0.0,268.634,262.0
1982-04-23,0.0,265.31,259.0
1982-04-24,0.0,220.005,214.0
1982-04-25,0.0,196.716,192.0
1982-04-26,0.0,196.716,192.0
1982-04-27,0.0,192.144,187.0
1982-04-28,0.0,186.095,182.0
1982-04-29,0.0,178.608,175.0
1982-04-30,0.0,175.637,172.0
1982-05-01,0.0,169.736,166.0
1982-05-02,0.0,166.806,163.0
1982-05-03,0.0,162.438,159.0
1982-05-04,0.0,159.543,157.0
1982-05-05,0.0,155.228,153.0
1982-05-06,0.0,150.945,149.0
1982-05-07,0.0,152.369,150.0
1982-05-08,0.0,149.525,147.0
1982-05-09,0.0,155.228,153.0
1982-05-10,0.0,149.525,147.0
1982-05-11,0.0,141.081,140.0
1982-05-12,0.0,138.296,137.0
1982-05-13,0.0,142.479,141.0
1982-05-14,0.0,135.527,134.0
1982-05-15,0.0,132.773,132.0
1982-05-16,0.0,128.671,128.0
1982-05-17,0.0,134.148,133.0
1982-05-18,0.0,130.035,129.0
1982-05-19,0.0,132.773,132.0
1982-05-20,0.0,134.148,133.0
1982-05-21,0.0,131.402,131.0
1982-05-22,0.0,136.91,136.0
1982-05-23,0.0,131.402,131.0
1982-05-24,0.0,131.402,131.0
1982-05-25,0.0,136.91,136.0
1982-05-26,0.0,165.346,162.0
1982-05-27,0.0,155.228,153.0
1982-05-28,0.0,132.773,132.0
1982-05-29,0.0,130.035,129.0
1982-05-30,0.0,124.604,125.0
1982-05-31,0.0,121.913,122.0
1982-06-01,0.0,120.574,121.0
1982-06-02,0.0,119.238,120.0
1982-06-03,0.0,117.907,119.0
1982-06-04,0.0,115.257,116.0
1982-06-05,0.0,116.58,117.0
1982-06-06,0.0,115.257,116.0
1982-06-07,0.0,113.938,115.0
1982-06-08,0.0,111.312,113.0
1982-06-09,0.0,111.312,113.0
1982-06-10,0.0,110.005,111.0
1982-06-11,0.0,106.111,108.0
1982-06-12,0.0,106.111,108.0
1982-06-13,0.0,106.111,108.0
1982-06-14,0.0,104.822,107.0
1982-06-15,0.0,106.111,108.0
1982-06-16,0.0,103.536,106.0
1982-06-17,0.0,117.907,119.0
1982-06-18,0.0,111.312,113.0
1982-06-19,0.0,107.405,109.0
1982-06-20,0.0,108.703,110.0
1982-06-21,0.0,104.822,107.0
1982-06-22,0.0,106.111,108.0
1982-06-23,0.0,103.536,106.0
1982-06-24,0.0,104.822,107.0
1982-06-25,0.0,106.111,108.0
1982-06-26,0.0,104.822,107.0
1982-06-27,0.0,108.703,110.0
1982-06-28,0.0,111.312,113.0
1982-06-29,0.0,102.256,105.0
1982-06-30,0.0,107.405,109.0
1982-07-01,0.0,103.536,106.0
1982-07-02,0.0,100.979,103.0
1982-07-03,0.0,98.439,101.0
1982-07-04,0.0,99.707,102.0
1982-07-05,0.0,95.918,99.0
1982-07-06,0.0,98.439,101.0
1982-07-07,0.0,95.918,99.0
1982-07-08,0.0,94.663,98.0
1982-07-09,0.0,92.168,96.0
1982-07-10,0.0,92.168,96.0
1982-07-11,0.0,93.413,97.0
1982-07-12,0.0,95.918,99.0
1982-07-13,0.0,93.413,97.0
1982-07-14,0.0,92.168,96.0
1982-07-15,0.0,94.663,98.0
1982-07-16,0.0,94.663,98.0
1982-07-17,0.0,94.663,98.0
1982-07-18,0.0,90.928,95.0
1982-07-19,0.0,93.413,97.0
1982-07-20,0.0,93.413,97.0
1982-07-21,0.0,92.168,96.0
1982-07-22,0.0,89.692,93.0
1982-07-23,0.0,89.692,93.0
1982-07-24,0.0,88.46,92.0
1982-07-25,0.0,87.233,91.0
1982-07-26,0.0,87.233,91.0
1982-07-27,0.0,86.011,90.0
1982-07-28,0.0,87.233,91.0
1982-07-29,0.0,87.233,91.0
1982-07-30,0.0,86.011,90.0
1982-07-31,0.0,86.011,90.0
1982-08-01,0.0,87.233,92.0
1982-08-02,0.0,86.011,91.0
1982-08-03,0.0,87.233,92.0
1982-08-04,0.0,86.011,91.0
1982-08-05,0.0,99.707,102.0
1982-08-06,0.0,98.439,101.0
1982-08-07,0.0,99.707,111.0
1982-08-08,0.0,100.979,101.0
1982-08-09,0.0,99.707,101.0
1982-08-10,0.0,92.168,93.0
1982-08-11,0.0,90.928,101.0
1982-08-12,0.0,89.692,91.0
1982-08-13,0.0,87.233,91.0
1982-08-14,0.0,89.692,93.0
1982-08-15,0.0,86.011,91.0
1982-08-16,0.0,86.011,88.0
1982-08-17,0.0,86.011,86.0
1982-08-18,0.0,83.582,86.0
1982-08-19,0.0,82.374,86.0
1982-08-20,0.0,81.171,86.0
1982-08-21,0.0,84.794,88.0
1982-08-22,0.0,84.794,84.0
1982-08-23,0.0,100.979,119.0
1982-08-24,0.0,93.413,96.0
1982-08-25,0.0,88.46,91.0
1982-08-26,6.2,97.176,93.0
1982-08-27,0.0,95.918,98.0
1982-08-28,0.0,90.928,93.0
1982-08-29,0.0,88.46,91.0
1982-08-30,0.0,88.46,91.0
1982-08-31,0.0,88.46,88.0
1982-09-01,0.0,83.582,88.0
1982-09-02,0.5,82.374,88.0
1982-09-03,0.0,83.582,86.0
1982-09-04,0.0,82.374,84.0
1982-09-05,0.0,82.374,81.0
1982-09-06,0.0,79.973,84.0
1982-09-07,0.0,84.794,86.0
1982-09-08,0.0,90.928,93.0
1982-09-09,0.0,93.413,91.0
1982-09-10,0.0,106.111,103.0
1982-09-11,0.0,99.707,103.0
1982-09-12,0.0,94.663,91.0
1982-09-13,0.0,88.46,91.0
1982-09-14,0.0,88.46,86.0
1982-09-15,21.6,110.005,111.0
1982-09-16,17.3,107.405,111.0
1982-09-17,0.0,111.312,114.0
1982-09-18,2.7,138.296,124.0
1982-09-19,0.6,152.369,153.0
1982-09-20,0.0,132.773,116.0
1982-09-21,23.0,119.238,119.0
1982-09-22,0.0,102.256,106.0
1982-09-23,13.7,119.238,108.0
1982-09-24,28.8,146.695,150.0
1982-09-25,9.3,130.035,122.0
1982-09-26,0.1,160.988,155.0
1982-09-27,23.3,148.108,144.0
1982-09-28,0.9,172.68,175.0
1982-09-29,1.5,148.108,138.0
1982-09-30,15.8,116.58,122.0
1982-10-01,3.6,115.257,106.0
1982-10-02,0.0,100.979,97.0
1982-10-03,0.0,95.918,96.0
1982-10-04,0.0,93.413,93.0
1982-10-05,0.0,87.233,89.0
1982-10-06,0.0,89.692,89.0
1982-10-07,0.0,89.692,88.0
1982-10-08,0.0,94.663,89.0
1982-10-09,0.0,94.663,97.0
1982-10-10,18.8,102.256,98.0
1982-10-11,11.8,106.111,120.0
1982-10-12,0.0,92.168,94.0
1982-10-13,0.0,94.663,91.0
1982-10-14,0.8,92.168,88.0
1982-10-15,0.0,87.233,84.0
1982-10-16,0.0,90.928,84.0
1982-10-17,0.0,90.928,86.0
1982-10-18,0.0,90.928,86.0
1982-10-19,0.7,119.238,107.0
1982-10-20,0.0,142.479,114.0
1982-10-21,0.0,134.148,124.0
1982-10-22,0.0,106.111,102.0
1982-10-23,0.0,98.439,98.0
1982-10-24,0.0,99.707,98.0
1982-10-25,0.0,130.035,133.0
1982-10-26,0.0,103.536,99.0
1982-10-27,0.0,104.822,101.0
1982-10-28,0.0,99.707,98.0
1982-10-29,0.0,100.979,108.0
1982-10-30,0.0,98.439,97.0
1982-10-31,0.0,94.663,96.0
1982-11-01,0.0,94.663,96.0
1982-11-02,0.0,93.413,96.0
1982-11-03,0.0,95.918,97.0
1982-11-04,15.2,113.938,112.0
1982-11-05,5.6,108.703,107.0
1982-11-06,0.0,98.439,97.0
1982-11-07,0.0,99.707,99.0
1982-11-08,13.3,106.111,107.0
1982-11-09,0.0,95.918,101.0
1982-11-10,0.0,102.256,103.0
1982-11-11,0.0,106.111,102.0
1982-11-12,0.0,88.46,87.0
1982-11-13,10.0,150.945,123.0
1982-11-14,0.0,180.099,164.0
1982-11-15,0.0,149.525,136.0
1982-11-16,0.2,131.402,133.0
1982-11-17,2.7,135.527,129.0
1982-11-18,9.9,115.257,120.0
1982-11-19,0.0,139.687,137.0
1982-11-20,0.0,116.58,116.0
1982-11-21,0.0,107.405,104.0
1982-11-22,0.0,116.58,115.0
1982-11-23,0.0,123.257,126.0
1982-11-24,7.5,162.438,178.0
1982-11-25,0.0,136.91,133.0
1982-11-26,6.2,183.09,146.0
1982-11-27,0.0,113.938,104.0
1982-11-28,0.0,107.405,111.0
1982-11-29,17.2,108.703,110.0
1982-11-30,0.0,97.176,97.0
1982-12-01,2.3,113.938,112.0
1982-12-02,0.5,93.413,93.0
1982-12-03,0.0,104.822,112.0
1982-12-04,1.5,113.938,110.0
1982-12-05,13.4,97.176,104.0
1982-12-06,2.3,93.413,98.0
1982-12-07,0.0,93.413,102.0
1982-12-08,0.0,97.176,107.0
1982-12-09,17.0,103.536,106.0
1982-12-10,0.0,106.111,110.0
1982-12-11,0.0,111.312,120.0
1982-12-12,0.0,145.286,140.0
1982-12-13,16.8,108.703,140.0
1982-12-14,24.4,102.256,158.0
1982-12-15,58.8,175.637,181.0
1982-12-16,17.3,250.497,299.0
1982-12-17,0.0,198.246,177.0
1982-12-18,2.7,148.108,149.0
1982-12-19,0.6,136.91,143.0
1982-12-20,0.0,125.956,123.0
1982-12-21,23.0,131.402,144.0
1982-12-22,22.0,148.108,138.0
1982-12-23,13.7,162.438,159.0
1982-12-24,28.8,223.163,193.0
1982-12-25,0.0,199.78,191.0
1982-12-26,0.1,181.593,231.0
1982-12-27,1.1,181.593,162.0
1982-12-28,0.9,139.687,134.0
1982-12-29,1.5,135.527,140.0
1982-12-30,15.8,169.736,169.0
1982-12-31,2.2,128.671,122.0
1983-01-01,2.3,142.479,164.0
1983-01-02,3.3,195.189,188.0
1983-01-03,0.0,183.09,162.0
1983-01-04,1.5,152.369,147.0
1983-01-05,13.4,235.919,244.0
1983-01-06,2.3,218.43,205.0
1983-01-07,0.0,218.43,217.0
1983-01-08,72.4,160.988,162.0
1983-01-09,17.0,148.108,152.0
1983-01-10,0.0,150.945,155.0
1983-01-11,0.0,207.495,210.0
1983-01-12,15.0,280.353,307.0
1983-01-13,12.8,444.207,472.0
1983-01-14,0.0,444.207,420.0
1983-01-15,0.0,475.041,475.0
1983-01-16,3.7,382.444,362.0
1983-01-17,0.0,275.314,262.0
1983-01-18,0.0,488.707,550.0
1983-01-19,0.0,1061.887,1193.0
1983-01-20,12.1,421.457,411.0
1983-01-21,27.0,316.314,301.0
1983-01-22,0.0,330.32,320.0
1983-01-23,5.8,346.272,320.0
1983-01-24,0.0,333.847,309.0
1983-01-25,0.0,231.113,220.0
1983-01-26,0.0,323.296,311.0
1983-01-27,0.0,532.336,540.0
1983-01-28,0.0,408.338,371.0
1983-01-29,0.0,282.039,276.0
1983-01-30,0.0,339.157,322.0
1983-01-31,0.0,486.749,485.0
1983-02-01,0.0,536.352,520.0
1983-02-02,0.0,391.639,369.0
1983-02-03,2.8,307.645,270.0
1983-02-04,0.0,243.988,242.0
1983-02-05,16.0,212.163,212.0
1983-02-06,0.0,297.33,217.0
1983-02-07,0.0,307.645,297.0
1983-02-08,5.2,568.777,550.0
1983-02-09,0.0,827.482,962.0
1983-02-10,0.0,836.547,989.0
1983-02-11,0.0,738.343,777.0
1983-02-12,0.0,461.482,465.0
1983-02-13,0.0,707.81,706.0
1983-02-14,0.0,652.053,641.0
1983-02-15,0.0,484.792,472.0
1983-02-16,0.0,393.485,371.0
1983-02-17,0.0,318.056,299.0
1983-02-18,0.0,280.353,260.0
1983-02-19,36.0,237.527,238.0
1983-02-20,24.0,250.497,238.0
1983-02-21,0.0,220.005,212.0
1983-02-22,0.0,234.314,233.0
1983-02-23,0.4,216.859,217.0
1983-02-24,0.0,215.291,219.0
1983-02-25,0.0,193.665,193.0
1983-02-26,0.0,177.121,177.0
1983-02-27,0.0,163.89,166.0
1983-02-28,0.0,156.663,161.0
1983-03-01,0.0,171.206,170.0
1983-03-02,0.0,169.736,167.0
1983-03-03,0.0,247.237,244.0
1983-03-04,21.0,221.583,222.0
1983-03-05,8.6,207.495,208.0
1983-03-06,0.0,346.272,332.0
1983-03-07,0.0,282.039,264.0
1983-03-08,0.0,253.769,322.0
1983-03-09,0.0,237.527,257.0
1983-03-10,0.0,205.946,210.0
1983-03-11,0.0,207.495,205.0
1983-03-12,17.2,209.048,212.0
1983-03-13,0.0,190.627,193.0
1983-03-14,2.5,189.113,191.0
1983-03-15,0.0,186.095,193.0
1983-03-16,0.0,181.593,188.0
1983-03-17,0.9,309.373,175.0
1983-03-18,0.0,168.269,173.0
1983-03-19,0.0,387.954,377.0
1983-03-20,0.0,415.821,391.0
1983-03-21,0.0,263.653,255.0
1983-03-22,0.0,205.946,210.0
1983-03-23,0.0,221.583,226.0
1983-03-24,0.0,226.334,229.0
1983-03-25,4.2,193.665,200.0
1983-03-26,5.4,183.09,196.0
1983-03-27,0.0,223.163,229.0
1983-03-28,0.0,177.121,183.0
1983-03-29,0.0,373.31,456.0
1983-03-30,0.0,500.505,468.0
1983-03-31,0.0,360.623,343.0
1983-04-01,0.0,271.968,259.0
1983-04-02,0.0,250.497,244.0
1983-04-03,0.0,218.43,217.0
1983-04-04,0.0,202.856,224.0
1983-04-05,0.0,213.725,217.0
1983-04-06,0.0,273.639,282.0
1983-04-07,0.0,351.635,262.0
1983-04-08,0.0,227.924,227.0
1983-04-09,0.0,193.665,196.0
1983-04-10,0.0,193.665,198.0
1983-04-11,0.0,216.859,220.0
1983-04-12,0.0,292.208,284.0
1983-04-13,0.0,250.497,242.0
1983-04-14,0.0,196.716,200.0
1983-04-15,0.0,178.608,183.0
1983-04-16,0.0,165.346,172.0
1983-04-17,5.4,162.438,167.0
1983-04-18,0.0,153.797,158.0
1983-04-19,0.0,148.108,155.0
1983-04-20,0.0,141.081,147.0
1983-04-21,11.4,139.687,144.0
1983-04-22,27.6,159.543,175.0
1983-04-23,0.0,163.89,169.0
1983-04-24,0.0,145.286,150.0
1983-04-25,2.2,143.881,152.0
1983-04-26,0.0,159.543,167.0
1983-04-27,0.0,155.228,161.0
1983-04-28,0.0,145.286,150.0
1983-04-29,0.0,131.402,140.0
1983-04-30,33.0,130.035,136.0
1983-05-01,14.0,132.773,138.0
1983-05-02,0.0,127.312,133.0
1983-05-03,0.0,121.913,127.0
1983-05-04,0.0,119.238,124.0
1983-05-05,0.0,116.58,122.0
1983-05-06,0.0,115.257,120.0
1983-05-07,0.0,113.938,118.0
1983-05-08,0.0,112.623,116.0
1983-05-09,0.0,110.005,115.0
1983-05-10,0.0,108.703,115.0
1983-05-11,0.0,108.703,115.0
1983-05-12,0.0,107.405,114.0
1983-05-13,0.0,107.405,112.0
1983-05-14,0.0,106.111,111.0
1983-05-15,0.0,106.111,110.0
1983-05-16,0.0,103.536,108.0
1983-05-17,0.0,100.979,108.0
1983-05-18,0.0,102.256,107.0
1983-05-19,0.0,104.822,108.0
1983-05-20,0.0,107.405,107.0
1983-05-21,0.0,108.703,98.0
1983-05-22,0.0,112.623,123.0
1983-05-23,0.0,124.604,126.0
1983-05-24,0.0,117.907,123.0
1983-05-25,0.0,112.623,118.0
1983-05-26,0.0,108.703,114.0
1983-05-27,0.0,110.005,111.0
1983-05-28,0.0,100.979,110.0
1983-05-29,0.0,100.979,108.0
1983-05-30,0.0,104.822,106.0
1983-05-31,0.0,127.312,134.0
1983-06-01,0.0,160.988,167.0
1983-06-02,0.0,143.881,147.0
1983-06-03,0.0,128.671,131.0
1983-06-04,0.0,115.257,120.0
1983-06-05,0.0,110.005,112.0
1983-06-06,0.0,108.703,115.0
1983-06-07,0.0,103.536,110.0
1983-06-08,0.0,103.536,110.0
1983-06-09,0.0,102.256,106.0
1983-06-10,0.0,99.707,106.0
1983-06-11,0.0,98.439,103.0
1983-06-12,0.0,100.979,103.0
1983-06-13,0.0,97.176,102.0
1983-06-14,0.0,97.176,101.0
1983-06-15,0.0,97.176,102.0
1983-06-16,0.0,97.176,101.0
1983-06-17,0.0,97.176,99.0
1983-06-18,0.0,94.663,99.0
1983-06-19,0.0,93.413,98.0
1983-06-20,4.6,92.168,98.0
1983-06-21,0.0,92.168,97.0
1983-06-22,0.0,89.692,96.0
1983-06-23,0.0,90.928,97.0
1983-06-24,0.0,90.928,94.0
1983-06-25,0.0,93.413,94.0
1983-06-26,0.0,88.46,93.0
1983-06-27,0.0,92.168,98.0
1983-06-28,0.0,86.011,92.0
1983-06-29,0.0,88.46,92.0
1983-06-30,0.0,87.233,92.0
1983-07-01,0.0,87.233,91.0
1983-07-02,0.0,87.233,91.0
1983-07-03,0.0,84.794,89.0
1983-07-04,0.0,88.46,89.0
1983-07-05,0.0,82.374,89.0
1983-07-06,0.0,84.794,88.0
1983-07-07,0.0,84.794,88.0
1983-07-08,0.0,86.011,87.0
1983-07-09,0.0,81.171,85.0
1983-07-10,0.0,82.374,89.0
1983-07-11,0.0,83.582,89.0
1983-07-12,0.0,78.78,84.0
1983-07-13,0.0,81.171,86.0
1983-07-14,0.0,83.582,86.0
1983-07-15,0.0,82.374,86.0
1983-07-16,0.0,79.973,85.0
1983-07-17,0.0,82.374,84.0
1983-07-18,0.0,81.171,86.0
1983-07-19,0.0,81.171,87.0
1983-07-20,0.0,83.582,88.0
1983-07-21,0.0,84.794,89.0
1983-07-22,0.0,83.582,88.0
1983-07-23,0.0,82.374,87.0
1983-07-24,0.0,81.171,86.0
1983-07-25,0.0,79.973,85.0
1983-07-26,0.0,79.973,85.0
1983-07-27,0.0,79.973,84.0
1983-07-28,0.0,81.171,86.0
1983-07-29,0.0,79.973,82.0
1983-07-30,0.0,78.78,84.0
1983-07-31,0.0,79.973,84.0
1983-08-01,0.0,81.171,86.0
1983-08-02,0.0,75.229,87.0
1983-08-03,0.0,78.78,84.0
1983-08-04,0.0,78.78,82.0
1983-08-05,0.0,77.591,81.0
1983-08-06,0.0,77.591,84.0
1983-08-07,0.0,76.408,84.0
1983-08-08,0.0,77.591,82.0
1983-08-09,0.0,74.056,79.0
1983-08-10,0.0,76.408,79.0
1983-08-11,0.0,75.229,79.0
1983-08-12,0.0,75.229,80.0
1983-08-13,0.0,72.888,79.0
1983-08-14,0.0,75.229,79.0
1983-08-15,0.0,74.056,79.0
1983-08-16,0.0,74.056,79.0
1983-08-17,0.0,74.056,77.0
1983-08-18,0.0,72.888,79.0
1983-08-19,0.0,75.229,79.0
1983-08-20,0.0,74.056,79.0
1983-08-21,0.0,74.056,79.0
1983-08-22,0.0,76.408,79.0
1983-08-23,0.0,72.888,77.0
1983-08-24,0.0,71.725,77.0
1983-08-25,0.0,72.888,77.0
1983-08-26,0.0,71.725,78.0
1983-08-27,0.0,71.725,77.0
1983-08-28,0.0,70.566,77.0
1983-08-29,0.0,69.413,77.0
1983-08-30,0.0,70.566,78.0
1983-08-31,0.0,69.413,76.0
1983-09-01,0.0,71.725,76.0
1983-09-02,0.0,70.566,76.0
1983-09-03,0.0,71.725,77.0
1983-09-04,0.0,71.725,78.0
1983-09-05,0.0,71.725,77.0
1983-09-06,0.0,75.229,77.0
1983-09-07,0.0,74.056,76.0
1983-09-08,0.0,75.229,76.0
1983-09-09,0.0,74.056,79.0
1983-09-10,0.0,71.725,78.0
1983-09-11,0.0,74.056,78.0
1983-09-12,0.0,72.888,78.0
1983-09-13,0.0,74.056,77.0
1983-09-14,0.0,71.725,78.0
1983-09-15,0.0,72.888,78.0
1983-09-16,3.4,72.888,77.0
1983-09-17,0.0,69.413,77.0
1983-09-18,0.0,74.056,74.0
1983-09-19,0.2,77.591,79.0
1983-09-20,0.0,77.591,85.0
1983-09-21,0.0,76.408,82.0
1983-09-22,0.8,82.374,84.0
1983-09-23,1.4,81.171,88.0
1983-09-24,0.0,72.888,81.0
1983-09-25,0.0,70.566,81.0
1983-09-26,0.0,72.888,76.0
1983-09-27,0.0,68.266,77.0
1983-09-28,0.0,70.566,73.0
1983-09-29,0.0,70.566,72.0
1983-09-30,0.0,68.266,76.0
1983-10-01,0.0,74.056,74.0
1983-10-02,0.0,72.888,85.0
1983-10-03,0.0,92.168,86.0
1983-10-04,0.7,77.591,97.0
1983-10-05,0.0,84.794,92.0
1983-10-06,0.0,81.171,86.0
1983-10-07,0.0,82.374,91.0
1983-10-08,15.8,93.413,94.0
1983-10-09,0.0,82.374,86.0
1983-10-10,0.0,94.663,98.0
1983-10-11,0.0,81.171,92.0
1983-10-12,31.8,87.233,107.0
1983-10-13,4.6,127.312,127.0
1983-10-14,29.4,124.604,127.0
1983-10-15,0.0,115.257,120.0
1983-10-16,0.0,108.703,111.0
1983-10-17,0.0,90.928,92.0
1983-10-18,2.9,120.574,123.0
1983-10-19,5.3,102.256,107.0
1983-10-20,0.0,106.111,108.0
1983-10-21,0.0,103.536,107.0
1983-10-22,0.0,92.168,96.0
1983-10-23,9.1,92.168,96.0
1983-10-24,5.3,108.703,114.0
1983-10-25,0.0,127.312,131.0
1983-10-26,0.0,103.536,104.0
1983-10-27,0.0,90.928,94.0
1983-10-28,0.0,84.794,89.0
1983-10-29,0.0,92.168,93.0
1983-10-30,20.8,86.011,85.0
1983-10-31,8.6,107.405,108.0
1983-11-01,0.0,106.111,103.0
1983-11-02,18.5,162.438,152.0
1983-11-03,5.5,239.138,242.0
1983-11-04,0.0,162.438,156.0
1983-11-05,0.0,116.58,119.0
1983-11-06,0.0,104.822,114.0
1983-11-07,0.0,132.773,146.0
1983-11-08,0.0,156.663,166.0
1983-11-09,23.2,158.101,156.0
1983-11-10,7.3,187.602,190.0
1983-11-11,25.0,190.627,203.0
1983-11-12,16.6,366.046,351.0
1983-11-13,39.2,554.527,555.0
1983-11-14,30.0,581.069,598.0
1983-11-15,6.6,373.31,362.0
1983-11-16,0.0,224.747,222.0
1983-11-17,0.0,181.593,185.0
1983-11-18,0.0,155.228,158.0
1983-11-19,0.0,141.081,143.0
1983-11-20,0.0,130.035,133.0
1983-11-21,0.0,142.479,143.0
1983-11-22,0.0,127.312,133.0
1983-11-23,19.3,192.144,226.0
1983-11-24,0.0,174.156,178.0
1983-11-25,0.0,180.099,190.0
1983-11-26,3.6,192.144,195.0
1983-11-27,3.9,210.604,222.0
1983-11-28,14.5,337.385,343.0
1983-11-29,18.0,475.041,495.0
1983-11-30,27.5,453.782,446.0
1983-12-01,55.6,688.368,762.0
1983-12-02,5.8,928.653,1118.0
1983-12-03,0.0,686.217,828.0
1983-12-04,3.9,446.118,448.0
1983-12-05,0.0,358.821,347.0
1983-12-06,30.0,342.71,338.0
1983-12-07,0.0,532.336,430.0
1983-12-08,50.8,780.338,686.0
1983-12-09,0.8,378.783,375.0
1983-12-10,0.0,386.115,388.0
1983-12-11,0.0,376.956,382.0
1983-12-12,3.2,332.082,351.0
1983-12-13,1.4,362.428,402.0
1983-12-14,5.4,373.31,382.0
1983-12-15,0.9,355.223,360.0
1983-12-16,0.0,297.33,291.0
1983-12-17,3.8,261.998,260.0
1983-12-18,0.0,282.039,305.0
1983-12-19,18.2,275.314,274.0
1983-12-20,0.0,360.623,380.0
1983-12-21,5.5,309.373,299.0
1983-12-22,8.1,261.998,257.0
1983-12-23,2.5,218.43,233.0
1983-12-24,0.0,195.189,198.0
1983-12-25,0.0,302.475,236.0
1983-12-26,7.3,546.429,590.0
1983-12-27,4.0,626.745,666.0
1983-12-28,36.6,459.554,451.0
1983-12-29,2.1,319.8,311.0
1983-12-30,5.4,305.919,305.0
1983-12-31,0.0,287.111,270.0
1984-01-01,0.0,231.113,240.0
1984-01-02,31.6,395.333,336.0
1984-01-03,12.5,314.575,301.0
1984-01-04,0.0,461.482,470.0
1984-01-05,31.2,297.33,366.0
1984-01-06,7.8,357.021,356.0
1984-01-07,0.0,266.97,257.0
1984-01-08,0.0,232.712,227.0
1984-01-09,16.0,252.131,253.0
1984-01-10,27.0,353.428,326.0
1984-01-11,4.2,325.048,309.0
1984-01-12,0.6,248.865,242.0
1984-01-13,5.2,220.005,219.0
1984-01-14,0.0,193.665,195.0
1984-01-15,0.0,181.593,185.0
1984-01-16,0.0,181.593,186.0
1984-01-17,0.0,172.68,175.0
1984-01-18,2.6,183.09,183.0
1984-01-19,0.0,189.113,198.0
1984-01-20,10.4,189.113,193.0
1984-01-21,9.2,184.591,188.0
1984-01-22,15.6,205.946,205.0
1984-01-23,0.0,199.78,201.0
1984-01-24,8.0,207.495,206.0
1984-01-25,11.4,196.716,222.0
1984-01-26,0.0,201.316,200.0
1984-01-27,0.0,239.138,253.0
1984-01-28,11.8,276.991,262.0
1984-01-29,10.0,309.373,303.0
1984-01-30,0.0,260.347,251.0
1984-01-31,0.0,195.189,198.0
1984-02-01,0.0,180.099,177.0
1984-02-02,0.0,160.988,167.0
1984-02-03,0.0,155.228,159.0
1984-02-04,3.0,174.156,180.0
1984-02-05,0.0,240.752,236.0
1984-02-06,0.0,201.316,190.0
1984-02-07,26.2,177.121,181.0
1984-02-08,28.3,234.314,257.0
1984-02-09,16.2,231.113,222.0
1984-02-10,33.0,260.347,247.0
1984-02-11,0.0,373.31,377.0
1984-02-12,0.0,280.353,280.0
1984-02-13,21.6,318.056,316.0
1984-02-14,5.4,295.62,287.0
1984-02-15,3.8,302.475,297.0
1984-02-16,11.0,364.236,353.0
1984-02-17,0.0,288.807,284.0
1984-02-18,0.0,302.475,299.0
1984-02-19,5.4,332.082,322.0
1984-02-20,0.0,339.157,334.0
1984-02-21,5.2,476.987,475.0
1984-02-22,0.0,305.919,287.0
1984-02-23,17.8,252.131,247.0
1984-02-24,0.0,237.527,236.0
1984-02-25,9.3,265.31,272.0
1984-02-26,2.1,335.615,334.0
1984-02-27,1.1,280.353,272.0
1984-02-28,0.0,234.314,236.0
1984-02-29,0.0,253.769,251.0
1984-03-01,5.0,232.712,231.0
1984-03-02,0.0,263.653,257.0
1984-03-03,0.0,260.347,255.0
1984-03-04,0.0,210.604,203.0
1984-03-05,0.0,186.095,190.0
1984-03-06,6.6,285.417,278.0
1984-03-07,4.4,242.368,240.0
1984-03-08,15.0,213.725,215.0
1984-03-09,0.0,215.291,219.0
1984-03-10,30.0,229.517,224.0
1984-03-11,41.2,319.8,328.0
1984-03-12,48.2,292.208,289.0
1984-03-13,6.6,311.105,314.0
1984-03-14,3.3,309.373,318.0
1984-03-15,2.4,342.71,338.0
1984-03-16,38.0,283.727,260.0
1984-03-17,36.0,292.208,262.0
1984-03-18,11.4,240.752,222.0
1984-03-19,0.0,237.527,240.0
1984-03-20,2.1,209.048,205.0
1984-03-21,21.8,229.517,222.0
1984-03-22,0.0,220.005,220.0
1984-03-23,6.2,189.113,188.0
1984-03-24,4.2,218.43,203.0
1984-03-25,0.0,218.43,222.0
1984-03-26,0.0,248.865,247.0
1984-03-27,13.0,335.615,307.0
1984-03-28,0.0,351.635,338.0
1984-03-29,6.2,287.111,270.0
1984-03-30,3.2,248.865,249.0
1984-03-31,0.9,300.757,289.0
1984-04-01,0.8,287.111,274.0
1984-04-02,41.4,402.751,265.0
1984-04-03,12.4,421.457,289.0
1984-04-04,1.4,451.863,247.0
1984-04-05,0.0,404.611,270.0
1984-04-06,0.0,295.62,276.0
1984-04-07,0.0,248.865,238.0
1984-04-08,4.4,220.005,240.0
1984-04-09,11.2,243.988,250.0
1984-04-10,0.0,328.56,266.0
1984-04-11,4.3,413.947,294.0
1984-04-12,0.0,309.373,283.0
1984-04-13,0.0,247.237,238.0
1984-04-14,0.0,215.291,211.0
1984-04-15,0.0,199.78,201.0
1984-04-16,2.5,192.144,192.0
1984-04-17,1.7,180.099,187.0
1984-04-18,2.1,198.246,204.0
1984-04-19,15.2,258.698,258.0
1984-04-20,34.2,288.807,284.0
1984-04-21,16.8,240.752,258.0
1984-04-22,1.4,205.946,201.0
1984-04-23,0.0,190.627,192.0
1984-04-24,0.0,169.736,192.0
1984-04-25,0.0,183.09,187.0
1984-04-26,0.0,163.89,181.0
1984-04-27,0.0,159.543,161.0
1984-04-28,0.2,181.593,187.0
1984-04-29,0.0,186.095,223.0
1984-04-30,4.2,224.747,223.0
1984-05-01,0.4,204.4,318.0
1984-05-02,7.4,209.048,301.0
1984-05-03,0.9,321.547,288.0
1984-05-04,2.0,318.056,192.0
1984-05-05,0.0,196.716,185.0
1984-05-06,0.0,180.099,181.0
1984-05-07,0.0,168.269,159.0
1984-05-08,0.0,158.101,156.0
1984-05-09,0.0,152.369,151.0
1984-05-10,0.0,148.108,146.0
1984-05-11,0.0,145.286,146.0
1984-05-12,0.0,145.286,146.0
1984-05-13,61.8,297.33,224.0
1984-05-14,0.0,280.353,257.0
1984-05-15,2.5,213.725,194.0
1984-05-16,0.0,215.291,184.0
1984-05-17,0.0,174.156,175.0
1984-05-18,0.0,181.593,173.0
1984-05-19,0.0,180.099,167.0
1984-05-20,0.0,169.736,157.0
1984-05-21,0.0,150.945,146.0
1984-05-22,0.0,142.479,140.0
1984-05-23,0.0,138.296,137.0
1984-05-24,0.0,135.527,135.0
1984-05-25,0.0,132.773,130.0
1984-05-26,0.0,130.035,128.0
1984-05-27,0.0,127.312,125.0
1984-05-28,0.0,123.257,124.0
1984-05-29,0.0,121.913,123.0
1984-05-30,0.0,120.574,121.0
1984-05-31,75.0,119.238,118.0
1984-06-01,0.0,117.907,121.0
1984-06-02,0.0,116.58,118.0
1984-06-03,0.0,113.938,117.0
1984-06-04,0.0,111.312,114.0
1984-06-05,0.0,110.005,114.0
1984-06-06,0.0,110.005,112.0
1984-06-07,0.0,111.312,111.0
1984-06-08,0.0,111.312,109.0
1984-06-09,0.0,108.703,109.0
1984-06-10,0.0,107.405,108.0
1984-06-11,0.0,106.111,107.0
1984-06-12,0.0,107.405,107.0
1984-06-13,0.0,103.536,107.0
1984-06-14,0.0,103.536,107.0
1984-06-15,0.0,102.256,107.0
1984-06-16,0.0,102.256,105.0
1984-06-17,0.0,99.707,105.0
1984-06-18,0.0,99.707,105.0
1984-06-19,0.0,99.707,105.0
1984-06-20,0.0,94.663,105.0
1984-06-21,0.0,98.439,103.0
1984-06-22,0.0,95.918,103.0
1984-06-23,0.0,95.918,103.0
1984-06-24,0.0,92.168,103.0
1984-06-25,0.0,94.663,101.0
1984-06-26,0.0,93.413,101.0
1984-06-27,0.0,92.168,101.0
1984-06-28,0.0,93.413,99.0
1984-06-29,0.0,93.413,99.0
1984-06-30,0.0,93.413,97.0
1984-07-01,0.0,92.168,97.0
1984-07-02,0.0,92.168,94.0
1984-07-03,0.0,90.928,94.0
1984-07-04,0.0,89.692,94.0
1984-07-05,0.0,89.692,93.0
1984-07-06,0.0,90.928,92.0
1984-07-07,0.0,88.46,90.0
1984-07-08,0.0,92.168,90.0
1984-07-09,0.0,87.233,90.0
1984-07-10,0.0,84.794,90.0
1984-07-11,0.0,84.794,90.0
1984-07-12,0.0,82.374,88.0
1984-07-13,0.0,83.582,88.0
1984-07-14,0.0,84.794,88.0
1984-07-15,0.0,83.582,88.0
1984-07-16,0.0,84.794,88.0
1984-07-17,0.0,84.794,88.0
1984-07-18,0.0,83.582,88.0
1984-07-19,0.0,83.582,88.0
1984-07-20,0.0,81.171,86.0
1984-07-21,0.0,83.582,86.0
1984-07-22,0.0,82.374,86.0
1984-07-23,0.0,83.582,86.0
1984-07-24,0.0,81.171,86.0
1984-07-25,0.0,83.582,86.0
1984-07-26,0.0,81.171,86.0
1984-07-27,0.0,83.582,84.0
1984-07-28,0.0,84.794,84.0
1984-07-29,0.0,81.171,84.0
1984-07-30,0.0,82.374,84.0
1984-07-31,0.0,82.374,84.0
1984-08-01,0.0,82.374,84.0
1984-08-02,0.0,81.171,84.0
1984-08-03,0.0,79.973,84.0
1984-08-04,0.0,81.171,84.0
1984-08-05,0.0,81.171,84.0
1984-08-06,0.0,78.78,84.0
1984-08-07,0.0,76.408,83.0
1984-08-08,0.0,76.408,82.0
1984-08-09,0.0,76.408,82.0
1984-08-10,0.0,75.229,82.0
1984-08-11,0.0,76.408,82.0
1984-08-12,0.0,75.229,82.0
1984-08-13,0.0,75.229,80.0
1984-08-14,0.0,74.056,80.0
1984-08-15,0.0,76.408,80.0
1984-08-16,0.0,76.408,80.0
1984-08-17,0.0,75.229,80.0
1984-08-18,0.0,74.056,81.0
1984-08-19,0.0,75.229,81.0
1984-08-20,0.0,74.056,85.0
1984-08-21,7.2,75.229,85.0
1984-08-22,0.5,78.78,87.0
1984-08-23,21.4,108.703,116.0
1984-08-24,0.0,121.913,130.0
1984-08-25,2.0,113.938,118.0
1984-08-26,1.0,110.005,111.0
1984-08-27,0.0,92.168,104.0
1984-08-28,0.0,79.973,97.0
1984-08-29,0.0,83.582,91.0
1984-08-30,0.0,81.171,90.0
1984-08-31,0.0,78.78,89.0
1984-09-01,0.0,78.78,88.0
1984-09-02,0.0,78.78,87.0
1984-09-03,0.0,79.973,85.0
1984-09-04,0.0,76.408,83.0
1984-09-05,0.0,77.591,82.0
1984-09-06,0.0,77.591,81.0
1984-09-07,0.0,83.582,89.0
1984-09-08,7.6,107.405,116.0
1984-09-09,0.0,93.413,116.0
1984-09-10,0.0,87.233,114.0
1984-09-11,0.0,84.794,113.0
1984-09-12,0.0,74.056,105.0
1984-09-13,0.0,77.591,95.0
1984-09-14,0.0,76.408,91.0
1984-09-15,0.0,75.229,87.0
1984-09-16,0.0,78.78,84.0
1984-09-17,27.6,77.591,84.0
1984-09-18,0.0,78.78,83.0
1984-09-19,0.0,77.591,81.0
1984-09-20,0.0,75.229,80.0
1984-09-21,37.0,79.973,77.0
1984-09-22,4.4,121.913,120.0
1984-09-23,0.0,104.822,121.0
1984-09-24,0.0,116.58,125.0
1984-09-25,9.8,146.695,121.0
1984-09-26,0.0,116.58,115.0
1984-09-27,8.2,99.707,101.0
1984-09-28,0.0,90.928,93.0
1984-09-29,0.0,82.374,89.0
1984-09-30,0.0,79.973,85.0
1984-10-01,0.0,77.591,82.0
1984-10-02,0.0,77.591,82.0
1984-10-03,7.4,79.973,84.0
1984-10-04,0.0,79.973,86.0
1984-10-05,3.6,90.928,91.0
1984-10-06,0.0,84.794,92.0
1984-10-07,4.8,77.591,92.0
1984-10-08,0.0,78.78,89.0
1984-10-09,0.0,75.229,83.0
1984-10-10,0.0,74.056,78.0
1984-10-11,0.0,72.888,80.0
1984-10-12,0.0,75.229,80.0
1984-10-13,0.0,76.408,82.0
1984-10-14,0.0,78.78,86.0
1984-10-15,96.6,196.716,164.0
1984-10-16,0.0,128.671,128.0
1984-10-17,0.0,99.707,103.0
1984-10-18,50.0,192.144,157.0
1984-10-19,1.3,145.286,131.0
1984-10-20,0.0,106.111,109.0
1984-10-21,61.4,134.148,121.0
1984-10-22,0.0,102.256,87.0
1984-10-23,62.2,110.005,86.0
1984-10-24,0.5,108.703,106.0
1984-10-25,51.0,134.148,129.0
1984-10-26,0.0,138.296,133.0
1984-10-27,0.0,165.346,156.0
1984-10-28,4.0,153.797,159.0
1984-10-29,0.0,146.695,145.0
1984-10-30,0.0,130.035,128.0
1984-10-31,0.0,117.907,120.0
1984-11-01,0.0,107.405,109.0
1984-11-02,28.4,107.405,107.0
1984-11-03,0.0,97.176,101.0
1984-11-04,2.0,92.168,98.0
1984-11-05,0.0,92.168,98.0
1984-11-06,0.0,89.692,94.0
1984-11-07,0.0,89.692,94.0
1984-11-08,0.0,88.46,91.0
1984-11-09,14.6,84.794,94.0
1984-11-10,0.0,82.374,92.0
1984-11-11,0.0,86.011,89.0
1984-11-12,0.0,83.582,88.0
1984-11-13,0.0,86.011,88.0
1984-11-14,19.4,159.543,140.0
1984-11-15,0.4,136.91,128.0
1984-11-16,5.7,139.687,135.0
1984-11-17,11.4,123.257,118.0
1984-11-18,13.8,123.257,111.0
1984-11-19,0.0,103.536,104.0
1984-11-20,0.0,94.663,101.0
1984-11-21,0.0,117.907,121.0
1984-11-22,14.8,255.409,299.0
1984-11-23,0.0,510.394,418.0
1984-11-24,0.0,288.807,249.0
1984-11-25,0.0,142.479,137.0
1984-11-26,0.0,121.913,121.0
1984-11-27,0.0,107.405,106.0
1984-11-28,0.0,123.257,130.0
1984-11-29,0.0,158.101,146.0
1984-11-30,8.2,280.353,273.0
1984-12-01,0.0,314.575,343.0
1984-12-02,0.0,316.314,432.0
1984-12-03,5.1,260.347,430.0
1984-12-04,0.0,201.316,370.0
1984-12-05,0.0,195.189,336.0
1984-12-06,0.0,312.838,316.0
1984-12-07,0.0,378.783,357.0
1984-12-08,3.3,446.118,347.0
1984-12-09,10.2,263.653,289.0
1984-12-10,10.6,330.32,252.0
1984-12-11,14.6,349.845,466.0
1984-12-12,8.2,504.454,597.0
1984-12-13,12.2,595.5,643.0
1984-12-14,16.8,358.821,350.0
1984-12-15,19.0,326.803,313.0
1984-12-16,11.2,355.223,339.0
1984-12-17,13.2,332.082,308.0
1984-12-18,5.6,375.132,478.0
1984-12-19,0.0,461.482,548.0
1984-12-20,0.0,261.998,354.0
1984-12-21,0.0,292.208,266.0
1984-12-22,12.0,239.138,223.0
1984-12-23,0.0,210.604,192.0
1984-12-24,70.4,242.368,199.0
1984-12-25,0.0,290.506,232.0
1984-12-26,34.0,288.807,352.0
1984-12-27,1.4,213.725,257.0
1984-12-28,4.0,201.316,205.0
1984-12-29,1.8,292.208,298.0
1984-12-30,0.0,240.752,260.0
1984-12-31,0.0,250.497,247.0
1985-01-01,2.0,215.291,210.0
1985-01-02,0.0,312.838,307.0
1985-01-03,0.0,316.314,311.0
1985-01-04,12.4,292.208,286.0
1985-01-05,1.4,290.506,285.0
1985-01-06,5.6,304.196,299.0
1985-01-07,31.2,816.189,884.0
1985-01-08,0.0,1030.525,1157.0
1985-01-09,30.0,662.678,697.0
1985-01-10,0.0,626.745,655.0
1985-01-11,0.0,560.622,578.0
1985-01-12,8.6,463.412,469.0
1985-01-13,5.8,393.485,392.0
1985-01-14,1.6,316.314,311.0
1985-01-15,9.2,369.673,367.0
1985-01-16,28.6,564.695,583.0
1985-01-17,9.8,633.047,662.0
1985-01-18,8.8,641.475,672.0
1985-01-19,2.3,524.328,537.0
1985-01-20,0.0,465.345,471.0
1985-01-21,0.0,423.34,425.0
1985-01-22,20.5,423.34,425.0
1985-01-23,23.6,731.771,780.0
1985-01-24,0.0,548.45,564.0
1985-01-25,2.9,423.34,425.0
1985-01-26,6.5,451.863,456.0
1985-01-27,26.4,486.749,494.0
1985-01-28,6.8,508.412,519.0
1985-01-29,0.0,457.628,462.0
1985-01-30,0.0,384.279,382.0
1985-01-31,0.0,332.082,327.0
1985-02-01,7.0,589.303,611.0
1985-02-02,0.8,429.004,431.0
1985-02-03,5.2,384.279,382.0
1985-02-04,16.0,362.428,359.0
1985-02-05,18.0,366.046,363.0
1985-02-06,0.0,305.919,300.0
1985-02-07,0.0,258.698,252.0
1985-02-08,0.0,248.865,243.0
1985-02-09,3.2,223.163,217.0
1985-02-10,0.0,207.495,202.0
1985-02-11,4.3,227.924,222.0
1985-02-12,15.5,282.039,276.0
1985-02-13,0.0,360.623,357.0
1985-02-14,0.0,328.56,324.0
1985-02-15,1.4,260.347,254.0
1985-02-16,5.3,242.368,236.0
1985-02-17,0.0,232.712,227.0
1985-02-18,0.0,190.627,186.0
1985-02-19,32.0,210.604,205.0
1985-02-20,16.0,229.517,224.0
1985-02-21,0.0,201.316,196.0
1985-02-22,0.0,180.099,176.0
1985-02-23,0.0,165.346,162.0
1985-02-24,11.4,169.736,166.0
1985-02-25,0.0,189.113,184.0
1985-02-26,0.0,205.946,201.0
1985-02-27,8.2,193.665,189.0
1985-02-28,0.0,323.296,318.0
1985-03-01,0.0,382.444,380.0
1985-03-02,4.0,239.138,233.0
1985-03-03,25.6,275.314,269.0
1985-03-04,0.0,332.082,327.0
1985-03-05,34.6,376.956,375.0
1985-03-06,1.1,380.613,379.0
1985-03-07,22.2,326.803,322.0
1985-03-08,0.0,309.373,304.0
1985-03-09,0.0,287.111,281.0
1985-03-10,0.0,268.634,262.0
1985-03-11,0.0,292.208,286.0
1985-03-12,0.0,302.475,297.0
1985-03-13,41.4,404.611,404.0
1985-03-14,0.0,404.611,404.0
1985-03-15,0.0,358.821,355.0
1985-03-16,0.0,297.33,291.0
1985-03-17,2.5,367.858,365.0
1985-03-18,31.2,376.956,375.0
1985-03-19,6.7,378.783,377.0
1985-03-20,1.3,633.047,662.0
1985-03-21,11.0,707.81,751.0
1985-03-22,29.8,568.777,588.0
1985-03-23,13.4,471.156,477.0
1985-03-24,0.0,378.783,377.0
1985-03-25,0.0,311.105,306.0
1985-03-26,0.0,278.671,273.0
1985-03-27,0.0,252.131,246.0
1985-03-28,0.0,232.712,227.0
1985-03-29,0.0,210.604,205.0
1985-03-30,0.0,261.998,256.0
1985-03-31,0.0,239.138,233.0
1985-04-01,19.2,250.497,270.0
1985-04-02,0.0,276.991,232.0
1985-04-03,0.0,333.847,266.0
1985-04-04,8.6,337.385,323.0
1985-04-05,19.5,498.533,514.0
1985-04-06,0.0,534.343,526.0
1985-04-07,3.4,349.845,341.0
1985-04-08,5.5,319.8,156.0
1985-04-09,0.0,282.039,129.0
1985-04-10,0.0,250.497,109.0
1985-04-11,4.5,239.138,101.0
1985-04-12,0.0,237.527,105.0
1985-04-13,7.6,258.698,111.0
1985-04-14,0.0,220.005,83.0
1985-04-15,28.0,328.56,247.0
1985-04-16,0.0,399.037,398.0
1985-04-17,0.0,367.858,354.0
1985-04-18,23.8,318.056,266.0
1985-04-19,0.0,299.042,286.0
1985-04-20,0.0,283.727,268.0
1985-04-21,8.0,326.803,310.0
1985-04-22,2.0,367.858,370.0
1985-04-23,0.0,325.048,311.0
1985-04-24,0.0,285.417,270.0
1985-04-25,0.0,242.368,230.0
1985-04-26,0.0,215.291,207.0
1985-04-27,0.0,196.716,192.0
1985-04-28,0.0,193.665,195.0
1985-04-29,0.0,190.627,192.0
1985-04-30,0.0,189.113,195.0
1985-05-01,0.0,209.048,188.0
1985-05-02,0.0,180.099,185.0
1985-05-03,0.0,175.637,183.0
1985-05-04,0.0,178.608,180.0
1985-05-05,5.6,184.591,177.0
1985-05-06,8.4,175.637,172.0
1985-05-07,0.0,160.988,169.0
1985-05-08,0.0,150.945,167.0
1985-05-09,0.0,148.108,164.0
1985-05-10,0.0,143.881,161.0
1985-05-11,0.0,141.081,159.0
1985-05-12,0.0,146.695,156.0
1985-05-13,0.0,143.881,156.0
1985-05-14,0.0,139.687,154.0
1985-05-15,0.0,136.91,148.0
1985-05-16,0.0,136.91,146.0
1985-05-17,0.0,134.148,137.0
1985-05-18,1.9,135.527,131.0
1985-05-19,0.0,131.402,128.0
1985-05-20,0.0,131.402,143.0
1985-05-21,0.0,127.312,129.0
1985-05-22,0.0,124.604,122.0
1985-05-23,0.0,123.257,120.0
1985-05-24,0.0,121.913,120.0
1985-05-25,0.0,121.913,118.0
1985-05-26,0.0,120.574,117.0
1985-05-27,0.0,117.907,120.0
1985-05-28,0.0,119.238,121.0
1985-05-29,0.0,115.257,113.0
1985-05-30,0.0,115.257,114.0
1985-05-31,0.0,115.257,120.0
1985-06-01,0.0,112.623,109.0
1985-06-02,0.0,112.623,107.0
1985-06-03,0.0,112.623,109.0
1985-06-04,0.0,113.938,111.0
1985-06-05,0.0,111.312,108.0
1985-06-06,0.0,111.312,107.0
1985-06-07,0.0,108.703,106.0
1985-06-08,0.0,108.703,105.0
1985-06-09,0.0,106.111,104.0
1985-06-10,0.0,104.822,102.0
1985-06-11,0.0,106.111,102.0
1985-06-12,0.0,106.111,103.0
1985-06-13,0.0,104.822,109.0
1985-06-14,0.0,106.111,102.0
1985-06-15,0.0,104.822,102.0
1985-06-16,0.0,103.536,102.0
1985-06-17,0.0,100.979,100.0
1985-06-18,0.0,102.256,100.0
1985-06-19,0.0,100.979,99.0
1985-06-20,0.0,100.979,99.0
1985-06-21,0.0,98.439,98.0
1985-06-22,0.0,98.439,98.0
1985-06-23,0.0,97.176,98.0
1985-06-24,0.0,99.707,98.0
1985-06-25,0.0,97.176,99.0
1985-06-26,0.0,98.439,95.0
1985-06-27,0.0,95.918,95.0
1985-06-28,0.0,95.918,95.0
1985-06-29,0.0,95.918,94.0
1985-06-30,0.0,95.918,95.0
1985-07-01,0.0,94.663,95.0
1985-07-02,0.0,93.413,92.0
1985-07-03,0.0,93.413,92.0
1985-07-04,0.0,92.168,92.0
1985-07-05,0.0,93.413,91.0
1985-07-06,4.3,95.918,93.0
1985-07-07,0.0,108.703,104.0
1985-07-08,0.0,97.176,95.0
1985-07-09,0.0,95.918,94.0
1985-07-10,0.0,94.663,92.0
1985-07-11,0.0,93.413,91.0
1985-07-12,0.0,93.413,91.0
1985-07-13,0.0,93.413,90.0
1985-07-14,0.0,93.413,90.0
1985-07-15,0.0,89.692,90.0
1985-07-16,0.0,90.928,90.0
1985-07-17,0.0,92.168,89.0
1985-07-18,0.0,90.928,87.0
1985-07-19,0.0,88.46,87.0
1985-07-20,0.0,88.46,87.0
1985-07-21,0.0,88.46,87.0
1985-07-22,0.0,88.46,87.0
1985-07-23,0.0,87.233,88.0
1985-07-24,0.0,87.233,87.0
1985-07-25,0.0,87.233,86.0
1985-07-26,0.0,87.233,87.0
1985-07-27,0.0,87.233,84.0
1985-07-28,0.0,84.794,84.0
1985-07-29,0.0,86.011,84.0
1985-07-30,0.0,84.794,85.0
1985-07-31,0.0,84.794,84.0
1985-08-01,0.0,84.794,83.0
1985-08-02,0.0,83.582,84.0
1985-08-03,0.0,83.582,84.0
1985-08-04,0.0,84.794,82.0
1985-08-05,0.0,83.582,84.0
1985-08-06,0.0,82.374,83.0
1985-08-07,0.0,82.374,83.0
1985-08-08,0.0,82.374,83.0
1985-08-09,0.0,82.374,82.0
1985-08-10,0.0,79.973,81.0
1985-08-11,0.0,83.582,83.0
1985-08-12,0.0,84.794,85.0
1985-08-13,0.0,82.374,83.0
1985-08-14,0.0,82.374,82.0
1985-08-15,0.0,81.171,82.0
1985-08-16,0.0,81.171,81.0
1985-08-17,0.0,81.171,82.0
1985-08-18,0.0,81.171,84.0
1985-08-19,0.0,82.374,83.0
1985-08-20,0.0,78.78,79.0
1985-08-21,0.0,79.973,80.0
1985-08-22,0.0,79.973,81.0
1985-08-23,0.0,79.973,81.0
1985-08-24,0.0,79.973,80.0
1985-08-25,0.0,81.171,80.0
1985-08-26,0.0,78.78,79.0
1985-08-27,0.0,79.973,81.0
1985-08-28,0.0,79.973,82.0
1985-08-29,0.0,79.973,81.0
1985-08-30,0.0,78.78,82.0
1985-08-31,0.0,82.374,79.0
1985-09-01,0.0,82.374,84.0
1985-09-02,0.0,81.171,82.0
1985-09-03,0.0,78.78,79.0
1985-09-04,0.0,78.78,80.0
1985-09-05,0.0,78.78,80.0
1985-09-06,0.0,78.78,80.0
1985-09-07,0.0,78.78,80.0
1985-09-08,0.0,79.973,80.0
1985-09-09,0.0,78.78,80.0
1985-09-10,0.0,79.973,80.0
1985-09-11,0.0,78.78,79.0
1985-09-12,0.0,78.78,79.0
1985-09-13,0.0,77.591,78.0
1985-09-14,1.1,84.794,88.0
1985-09-15,0.0,87.233,89.0
1985-09-16,0.0,78.78,81.0
1985-09-17,0.0,79.973,81.0
1985-09-18,0.0,89.692,91.0
1985-09-19,0.0,92.168,92.0
1985-09-20,0.0,82.374,84.0
1985-09-21,8.2,82.374,84.0
1985-09-22,0.0,99.707,101.0
1985-09-23,0.0,89.692,91.0
1985-09-24,0.0,84.794,85.0
1985-09-25,0.0,89.692,84.0
1985-09-26,0.0,125.956,121.0
1985-09-27,0.0,104.822,103.0
1985-09-28,0.0,119.238,111.0
1985-09-29,0.0,99.707,92.0
1985-09-30,0.0,87.233,86.0
1985-10-01,0.0,82.374,84.0
1985-10-02,0.0,79.973,82.0
1985-10-03,10.0,78.78,80.0
1985-10-04,0.0,79.973,81.0
1985-10-05,0.0,78.78,80.0
1985-10-06,0.0,78.78,81.0
1985-10-07,0.0,79.973,81.0
1985-10-08,10.6,82.374,85.0
1985-10-09,0.0,95.918,95.0
1985-10-10,0.0,86.011,88.0
1985-10-11,25.0,119.238,116.0
1985-10-12,0.0,108.703,105.0
1985-10-13,0.0,100.979,99.0
1985-10-14,0.0,107.405,103.0
1985-10-15,0.0,100.979,103.0
1985-10-16,0.0,99.707,100.0
1985-10-17,22.2,108.703,104.0
1985-10-18,0.0,92.168,94.0
1985-10-19,0.0,87.233,87.0
1985-10-20,7.2,95.918,95.0
1985-10-21,2.7,120.574,108.0
1985-10-22,0.0,102.256,93.0
1985-10-23,0.0,89.692,89.0
1985-10-24,4.6,95.918,100.0
1985-10-25,0.0,99.707,90.0
1985-10-26,42.0,459.554,443.0
1985-10-27,6.0,300.757,288.0
1985-10-28,0.0,143.881,133.0
1985-10-29,3.4,117.907,113.0
1985-10-30,0.0,113.938,116.0
1985-10-31,0.0,104.822,103.0
1985-11-01,0.0,97.176,95.0
1985-11-02,0.0,99.707,100.0
1985-11-03,6.8,107.405,100.0
1985-11-04,0.0,98.439,95.0
1985-11-05,0.0,99.707,99.0
1985-11-06,0.0,131.402,125.0
1985-11-07,0.0,121.913,114.0
1985-11-08,0.0,119.238,111.0
1985-11-09,8.0,115.257,97.0
1985-11-10,0.0,100.979,99.0
1985-11-11,0.0,128.671,113.0
1985-11-12,5.0,115.257,105.0
1985-11-13,0.0,111.312,95.0
1985-11-14,0.0,104.822,93.0
1985-11-15,0.0,90.928,86.0
1985-11-16,0.0,84.794,90.0
1985-11-17,2.3,88.46,84.0
1985-11-18,0.0,86.011,85.0
1985-11-19,0.0,79.973,83.0
1985-11-20,0.0,81.171,89.0
1985-11-21,17.0,89.692,88.0
1985-11-22,0.0,88.46,85.0
1985-11-23,0.0,84.794,91.0
1985-11-24,0.0,92.168,97.0
1985-11-25,8.2,98.439,88.0
1985-11-26,0.0,87.233,86.0
1985-11-27,0.0,84.794,85.0
1985-11-28,0.0,86.011,92.0
1985-11-29,1.8,94.663,140.0
1985-11-30,2.0,287.111,192.0
1985-12-01,0.0,207.495,109.0
1985-12-02,0.0,115.257,97.0
1985-12-03,0.0,99.707,92.0
1985-12-04,0.0,93.413,89.0
1985-12-05,0.0,88.46,99.0
1985-12-06,0.0,89.692,81.0
1985-12-07,0.0,87.233,79.0
1985-12-08,0.0,89.692,133.0
1985-12-09,13.8,136.91,108.0
1985-12-10,0.0,115.257,91.0
1985-12-11,0.0,100.979,90.0
1985-12-12,0.0,89.692,87.0
1985-12-13,0.0,90.928,83.0
1985-12-14,8.4,83.582,94.0
1985-12-15,0.0,95.918,121.0
1985-12-16,0.0,189.113,125.0
1985-12-17,0.0,130.035,121.0
1985-12-18,5.1,127.312,123.0
1985-12-19,7.7,110.005,105.0
1985-12-20,0.0,97.176,97.0
1985-12-21,0.0,93.413,92.0
1985-12-22,6.4,104.822,100.0
1985-12-23,29.0,198.246,195.0
1985-12-24,0.0,196.716,187.0
1985-12-25,8.4,187.602,202.0
1985-12-26,0.0,172.68,204.0
1985-12-27,5.0,196.716,136.0
1985-12-28,0.0,155.228,123.0
1985-12-29,0.0,143.881,116.0
1985-12-30,5.2,119.238,111.0
1985-12-31,0.0,115.257,116.0
1986-01-01,7.6,121.913,117.0
1986-01-02,0.0,119.238,114.0
1986-01-03,0.0,108.703,105.0
1986-01-04,11.0,265.31,250.0
1986-01-05,43.4,811.684,864.0
1986-01-06,0.0,502.478,500.0
1986-01-07,2.0,438.489,429.0
1986-01-08,0.0,346.272,332.0
1986-01-09,0.0,340.932,325.0
1986-01-10,0.0,376.956,364.0
1986-01-11,0.0,524.328,523.0
1986-01-12,0.0,562.657,568.0
1986-01-13,0.0,412.075,401.0
1986-01-14,0.0,297.33,282.0
1986-01-15,0.0,282.039,267.0
1986-01-16,23.0,346.272,332.0
1986-01-17,0.0,552.499,557.0
1986-01-18,46.0,773.666,819.0
1986-01-19,6.2,720.853,754.0
1986-01-20,4.0,434.688,426.0
1986-01-21,7.6,375.132,362.0
1986-01-22,3.4,323.296,309.0
1986-01-23,2.4,248.865,235.0
1986-01-24,8.2,234.314,220.0
1986-01-25,0.0,195.189,182.0
1986-01-26,0.0,227.924,213.0
1986-01-27,14.2,186.095,174.0
1986-01-28,0.0,186.095,174.0
1986-01-29,0.0,174.156,163.0
1986-01-30,0.0,169.736,159.0
1986-01-31,5.1,210.604,198.0
1986-02-01,67.0,224.747,211.0
1986-02-02,50.2,207.495,194.0
1986-02-03,0.0,207.495,194.0
1986-02-04,6.3,216.859,203.0
1986-02-05,0.0,201.316,189.0
1986-02-06,0.0,166.806,157.0
1986-02-07,5.2,202.856,189.0
1986-02-08,0.0,190.627,178.0
1986-02-09,0.0,195.189,182.0
1986-02-10,4.4,158.101,148.0
1986-02-11,0.0,226.334,211.0
1986-02-12,0.0,160.988,151.0
1986-02-13,0.0,146.695,138.0
1986-02-14,8.4,166.806,157.0
1986-02-15,3.6,358.821,345.0
1986-02-16,7.2,318.056,303.0
1986-02-17,8.4,278.671,263.0
1986-02-18,0.0,421.457,410.0
1986-02-19,13.6,574.914,582.0
1986-02-20,32.0,673.35,698.0
1986-02-21,7.8,987.529,1088.0
1986-02-22,20.4,852.475,916.0
1986-02-23,0.0,459.554,453.0
1986-02-24,0.0,362.428,349.0
1986-02-25,0.0,311.105,296.0
1986-02-26,0.0,240.752,226.0
1986-02-27,0.0,215.291,201.0
1986-02-28,8.2,202.856,189.0
1986-03-01,0.0,198.246,186.0
1986-03-02,0.0,205.946,192.0
1986-03-03,0.0,252.131,236.0
1986-03-04,0.0,229.517,215.0
1986-03-05,20.8,622.554,637.0
1986-03-06,0.0,530.331,531.0
1986-03-07,36.2,412.075,401.0
1986-03-08,1.8,261.998,246.0
1986-03-09,0.0,252.131,236.0
1986-03-10,0.0,346.272,332.0
1986-03-11,0.0,486.749,482.0
1986-03-12,0.0,406.473,396.0
1986-03-13,10.8,302.475,286.0
1986-03-14,20.2,295.62,280.0
1986-03-15,16.2,227.924,213.0
1986-03-16,0.0,199.78,187.0
1986-03-17,0.0,183.09,171.0
1986-03-18,12.6,186.095,174.0
1986-03-19,4.2,193.665,181.0
1986-03-20,0.0,174.156,163.0
1986-03-21,0.0,174.156,163.0
1986-03-22,5.4,255.409,240.0
1986-03-23,5.0,240.752,226.0
1986-03-24,1.8,242.368,227.0
1986-03-25,12.8,384.279,371.0
1986-03-26,3.3,408.338,396.0
1986-03-27,0.0,367.858,353.0
1986-03-28,0.0,232.712,218.0
1986-03-29,8.6,207.495,194.0
1986-03-30,6.6,201.316,189.0
1986-03-31,4.8,209.048,196.0
1986-04-01,0.0,177.121,166.0
1986-04-02,0.0,196.716,184.0
1986-04-03,0.5,159.543,149.0
1986-04-04,0.0,160.988,151.0
1986-04-05,0.0,149.525,140.0
1986-04-06,0.0,142.479,135.0
1986-04-07,7.4,148.108,139.0
1986-04-08,0.6,145.286,138.0
1986-04-09,0.0,142.479,135.0
1986-04-10,0.4,131.402,125.0
1986-04-11,0.0,128.671,122.0
1986-04-12,1.2,127.312,121.0
1986-04-13,0.0,123.257,118.0
1986-04-14,1.8,134.148,128.0
1986-04-15,20.6,159.543,149.0
1986-04-16,0.0,178.608,168.0
1986-04-17,0.0,149.525,140.0
1986-04-18,0.0,131.402,125.0
1986-04-19,0.5,158.101,148.0
1986-04-20,0.0,153.797,145.0
1986-04-21,0.0,134.148,128.0
1986-04-22,0.0,148.108,139.0
1986-04-23,0.0,132.773,126.0
1986-04-24,0.0,131.402,125.0
1986-04-25,0.0,132.773,126.0
1986-04-26,0.0,125.956,119.0
1986-04-27,0.0,112.623,109.0
1986-04-28,0.0,117.907,112.0
1986-04-29,0.0,113.938,110.0
1986-04-30,0.0,113.938,110.0
1986-05-01,0.0,123.257,118.0
1986-05-02,3.3,124.604,119.0
1986-05-03,4.6,178.608,168.0
1986-05-04,0.0,174.156,163.0
1986-05-05,0.0,141.081,133.0
1986-05-06,0.0,119.238,114.0
1986-05-07,0.0,113.938,110.0
1986-05-08,4.1,112.623,109.0
1986-05-09,0.0,110.005,106.0
1986-05-10,0.0,108.703,105.0
1986-05-11,0.0,107.405,103.0
1986-05-12,0.0,106.111,102.0
1986-05-13,0.0,104.822,102.0
1986-05-14,25.2,110.005,106.0
1986-05-15,0.0,110.005,106.0
1986-05-16,0.0,104.822,102.0
1986-05-17,0.0,103.536,101.0
1986-05-18,0.0,99.707,97.0
1986-05-19,0.0,99.707,97.0
1986-05-20,0.0,97.176,95.0
1986-05-21,0.0,95.918,93.0
1986-05-22,0.0,94.663,93.0
1986-05-23,0.0,94.663,93.0
1986-05-24,0.0,93.413,92.0
1986-05-25,0.0,89.692,88.0
1986-05-26,0.0,90.928,90.0
1986-05-27,0.0,90.928,90.0
1986-05-28,0.0,90.928,90.0
1986-05-29,0.0,92.168,91.0
1986-05-30,16.4,93.413,92.0
1986-05-31,17.6,104.822,102.0
1986-06-01,0.0,100.979,98.0
1986-06-02,0.0,97.176,95.0
1986-06-03,0.0,94.663,93.0
1986-06-04,0.0,93.413,92.0
1986-06-05,0.0,92.168,91.0
1986-06-06,0.0,90.928,90.0
1986-06-07,0.0,90.928,90.0
1986-06-08,0.0,94.663,93.0
1986-06-09,0.0,93.413,92.0
1986-06-10,0.0,90.928,90.0
1986-06-11,0.0,87.233,86.0
1986-06-12,0.0,87.233,86.0
1986-06-13,0.0,87.233,86.0
1986-06-14,0.0,87.233,86.0
1986-06-15,0.0,84.794,85.0
1986-06-16,0.0,84.794,85.0
1986-06-17,0.0,83.582,84.0
1986-06-18,0.0,83.582,84.0
1986-06-19,0.0,83.582,84.0
1986-06-20,0.0,79.973,80.0
1986-06-21,0.0,81.171,81.0
1986-06-22,0.0,81.171,81.0
1986-06-23,0.0,81.171,81.0
1986-06-24,0.0,79.973,80.0
1986-06-25,0.0,79.973,80.0
1986-06-26,0.0,78.78,79.0
1986-06-27,0.0,79.973,80.0
1986-06-28,0.0,78.78,79.0
1986-06-29,0.0,77.591,78.0
1986-06-30,0.0,77.591,78.0
1986-07-01,0.0,77.591,78.0
1986-07-02,0.0,76.408,78.0
1986-07-03,0.0,76.408,78.0
1986-07-04,0.0,76.408,78.0
1986-07-05,0.0,77.591,78.0
1986-07-06,0.0,77.591,78.0
1986-07-07,0.0,77.591,78.0
1986-07-08,0.0,77.591,78.0
1986-07-09,0.0,76.408,78.0
1986-07-10,0.0,77.591,78.0
1986-07-11,0.0,78.78,79.0
1986-07-12,0.0,76.408,78.0
1986-07-13,0.0,75.229,77.0
1986-07-14,0.0,75.229,77.0
1986-07-15,0.0,76.408,78.0
1986-07-16,0.0,75.229,77.0
1986-07-17,0.0,75.229,77.0
1986-07-18,0.0,75.229,77.0
1986-07-19,0.0,75.229,77.0
1986-07-20,0.0,75.229,77.0
1986-07-21,0.0,76.408,78.0
1986-07-22,0.0,74.056,76.0
1986-07-23,0.0,75.229,77.0
1986-07-24,0.0,75.229,77.0
1986-07-25,0.0,72.888,75.0
1986-07-26,0.0,74.056,76.0
1986-07-27,0.0,74.056,76.0
1986-07-28,0.0,72.888,75.0
1986-07-29,0.0,72.888,75.0
1986-07-30,0.0,72.888,75.0
1986-07-31,0.0,71.725,73.0
1986-08-01,0.0,69.413,71.0
1986-08-02,0.0,69.413,71.0
1986-08-03,0.0,69.413,71.0
1986-08-04,8.7,75.229,77.0
1986-08-05,0.0,75.229,77.0
1986-08-06,13.4,72.888,75.0
1986-08-07,0.0,74.056,76.0
1986-08-08,0.0,72.888,75.0
1986-08-09,0.0,71.725,73.0
1986-08-10,0.0,70.566,72.0
1986-08-11,0.0,70.566,72.0
1986-08-12,0.0,71.725,73.0
1986-08-13,0.0,72.888,75.0
1986-08-14,0.0,76.408,78.0
1986-08-15,0.0,76.408,78.0
1986-08-16,0.0,76.408,78.0
1986-08-17,0.0,75.229,77.0
1986-08-18,0.0,79.973,80.0
1986-08-19,0.0,71.725,73.0
1986-08-20,0.0,71.725,73.0
1986-08-21,0.0,70.566,72.0
1986-08-22,0.0,71.725,73.0
1986-08-23,1.8,72.888,75.0
1986-08-24,7.5,71.725,73.0
1986-08-25,2.1,75.229,77.0
1986-08-26,12.6,87.233,86.0
1986-08-27,0.2,83.582,84.0
1986-08-28,0.5,79.973,80.0
1986-08-29,0.7,87.233,86.0
1986-08-30,0.0,88.46,87.0
1986-08-31,0.0,88.46,87.0
1986-09-01,39.4,108.703,105.0
1986-09-02,0.8,142.479,135.0
1986-09-03,0.0,102.256,100.0
1986-09-04,0.0,93.413,92.0
1986-09-05,0.0,84.794,85.0
1986-09-06,0.0,81.171,81.0
1986-09-07,0.0,77.591,78.0
1986-09-08,0.0,77.591,78.0
1986-09-09,0.0,75.229,77.0
1986-09-10,0.0,75.229,77.0
1986-09-11,0.0,75.229,77.0
1986-09-12,0.0,71.725,73.0
1986-09-13,0.0,71.725,73.0
1986-09-14,0.0,69.413,71.0
1986-09-15,0.0,70.566,72.0
1986-09-16,5.2,75.229,77.0
1986-09-17,0.2,77.591,78.0
1986-09-18,0.0,82.374,83.0
1986-09-19,0.0,78.78,79.0
1986-09-20,0.0,79.973,80.0
1986-09-21,0.0,79.973,80.0
1986-09-22,0.0,76.408,78.0
1986-09-23,22.1,82.374,83.0
1986-09-24,19.4,75.229,77.0
1986-09-25,0.0,64.854,68.0
1986-09-26,49.0,88.46,87.0
1986-09-27,0.0,88.46,87.0
1986-09-28,0.0,75.229,77.0
1986-09-29,0.0,76.408,78.0
1986-09-30,3.8,82.374,83.0
1986-10-01,0.0,97.176,95.0
1986-10-02,0.0,79.973,80.0
1986-10-03,0.0,86.011,86.0
1986-10-04,49.2,103.536,101.0
1986-10-05,0.0,95.918,93.0
1986-10-06,0.0,127.312,121.0
1986-10-07,0.0,107.405,103.0
1986-10-08,0.0,97.176,95.0
1986-10-09,0.0,87.233,86.0
1986-10-10,1.8,86.011,86.0
1986-10-11,0.0,92.168,91.0
1986-10-12,0.0,90.928,90.0
1986-10-13,0.0,87.233,86.0
1986-10-14,0.0,81.171,81.0
1986-10-15,0.7,76.408,78.0
1986-10-16,1.7,82.374,83.0
1986-10-17,48.2,83.582,84.0
1986-10-18,3.6,121.913,117.0
1986-10-19,0.0,134.148,128.0
1986-10-20,0.0,92.168,91.0
1986-10-21,0.0,83.582,84.0
1986-10-22,5.2,89.692,88.0
1986-10-23,1.4,81.171,81.0
1986-10-24,0.0,94.663,93.0
1986-10-25,0.0,103.536,101.0
1986-10-26,0.0,89.692,88.0
1986-10-27,0.0,81.171,81.0
1986-10-28,0.0,76.408,78.0
1986-10-29,0.0,72.888,75.0
1986-10-30,17.6,79.973,80.0
1986-10-31,0.0,94.663,93.0
1986-11-01,0.0,88.46,87.0
1986-11-02,0.0,86.011,86.0
1986-11-03,2.3,82.374,83.0
1986-11-04,7.4,75.229,77.0
1986-11-05,0.0,70.566,72.0
1986-11-06,0.0,69.413,71.0
1986-11-07,0.4,68.266,71.0
1986-11-08,0.0,63.728,67.0
1986-11-09,0.0,71.725,73.0
1986-11-10,45.2,295.62,280.0
1986-11-11,16.8,300.757,284.0
1986-11-12,0.7,328.56,313.0
1986-11-13,37.0,265.31,250.0
1986-11-14,0.0,229.517,215.0
1986-11-15,0.0,128.671,122.0
1986-11-16,0.0,102.256,100.0
1986-11-17,25.0,107.405,103.0
1986-11-18,0.0,92.168,91.0
1986-11-19,0.0,102.256,100.0
1986-11-20,32.4,103.536,101.0
1986-11-21,0.0,88.46,87.0
1986-11-22,0.0,84.794,85.0
1986-11-23,0.0,81.171,81.0
1986-11-24,1.1,81.171,81.0
1986-11-25,7.0,83.582,84.0
1986-11-26,0.0,77.591,78.0
1986-11-27,0.0,77.591,78.0
1986-11-28,0.0,78.78,79.0
1986-11-29,31.2,193.665,181.0
1986-11-30,1.1,139.687,132.0
1986-12-01,31.6,189.113,178.0
1986-12-02,3.9,165.346,155.0
1986-12-03,0.0,141.081,133.0
1986-12-04,0.0,125.956,119.0
1986-12-05,15.2,148.108,139.0
1986-12-06,0.0,104.822,102.0
1986-12-07,8.2,92.168,91.0
1986-12-08,0.0,89.692,88.0
1986-12-09,0.0,102.256,100.0
1986-12-10,22.8,98.439,96.0
1986-12-11,26.6,104.822,102.0
1986-12-12,0.0,110.005,106.0
1986-12-13,0.0,141.081,133.0
1986-12-14,14.0,169.736,159.0
1986-12-15,0.7,131.402,125.0
1986-12-16,9.4,128.671,122.0
1986-12-17,10.6,252.131,236.0
1986-12-18,1.2,193.665,181.0
1986-12-19,13.8,252.131,236.0
1986-12-20,0.0,186.095,174.0
1986-12-21,7.0,142.479,135.0
1986-12-22,0.0,119.238,114.0
1986-12-23,0.8,127.312,121.0
1986-12-24,7.8,143.881,136.0
1986-12-25,7.4,275.314,259.0
1986-12-26,24.6,809.434,864.0
1986-12-27,46.2,1296.04,1412.0
1986-12-28,0.0,1399.437,1517.0
1986-12-29,3.7,681.921,706.0
1986-12-30,14.4,574.914,582.0
1986-12-31,0.0,526.327,526.0
1987-01-01,0.0,475.041,465.0
1987-01-02,0.0,380.613,364.0
1987-01-03,0.0,309.373,292.0
1987-01-04,0.0,223.163,208.0
1987-01-05,0.6,193.665,181.0
1987-01-06,4.4,210.604,196.0
1987-01-07,4.2,221.583,206.0
1987-01-08,0.0,193.665,181.0
1987-01-09,0.0,187.602,176.0
1987-01-10,0.0,152.369,143.0
1987-01-11,0.0,171.206,160.0
1987-01-12,33.0,207.495,194.0
1987-01-13,25.0,247.237,231.0
1987-01-14,3.4,221.583,206.0
1987-01-15,5.5,174.156,163.0
1987-01-16,0.0,184.591,173.0
1987-01-17,37.2,165.346,155.0
1987-01-18,0.0,174.156,163.0
1987-01-19,0.5,184.591,173.0
1987-01-20,2.8,207.495,194.0
1987-01-21,35.6,332.082,315.0
1987-01-22,3.5,325.048,309.0
1987-01-23,2.0,353.428,336.0
1987-01-24,24.6,417.697,403.0
1987-01-25,11.2,618.371,626.0
1987-01-26,46.0,554.527,552.0
1987-01-27,0.0,360.623,345.0
1987-01-28,4.0,292.208,274.0
1987-01-29,9.6,300.757,284.0
1987-01-30,1.3,391.639,376.0
1987-01-31,5.4,415.821,403.0
1987-02-01,1.0,321.547,305.0
1987-02-02,6.2,297.33,280.0
1987-02-03,2.8,373.31,358.0
1987-02-04,0.0,408.338,394.0
1987-02-05,0.0,339.157,321.0
1987-02-06,3.0,282.039,265.0
1987-02-07,0.0,226.334,211.0
1987-02-08,0.0,255.409,238.0
1987-02-09,3.0,227.924,213.0
1987-02-10,0.0,223.163,208.0
1987-02-11,0.0,260.347,244.0
1987-02-12,0.0,198.246,186.0
1987-02-13,0.0,242.368,227.0
1987-02-14,0.0,358.821,342.0
1987-02-15,5.9,239.138,224.0
1987-02-16,11.9,227.924,213.0
1987-02-17,0.0,250.497,235.0
1987-02-18,0.0,196.716,184.0
1987-02-19,2.8,180.099,168.0
1987-02-20,0.0,195.189,182.0
1987-02-21,0.0,223.163,208.0
1987-02-22,6.8,189.113,176.0
1987-02-23,0.0,196.716,184.0
1987-02-24,0.0,174.156,163.0
1987-02-25,3.2,156.663,148.0
1987-02-26,0.3,192.144,179.0
1987-02-27,20.4,220.005,206.0
1987-02-28,0.0,172.68,162.0
1987-03-01,0.0,155.228,146.0
1987-03-02,11.5,196.716,184.0
1987-03-03,2.0,263.653,248.0
1987-03-04,0.5,263.653,248.0
1987-03-05,37.6,270.299,253.0
1987-03-06,3.6,252.131,236.0
1987-03-07,12.7,319.8,303.0
1987-03-08,8.9,270.299,253.0
1987-03-09,5.3,387.954,373.0
1987-03-10,37.6,488.707,480.0
1987-03-11,0.0,412.075,398.0
1987-03-12,0.0,319.8,303.0
1987-03-13,0.0,247.237,231.0
1987-03-14,0.0,221.583,206.0
1987-03-15,0.0,201.316,187.0
1987-03-16,3.6,223.163,208.0
1987-03-17,2.6,215.291,201.0
1987-03-18,0.0,257.052,240.0
1987-03-19,14.2,189.113,176.0
1987-03-20,0.0,207.495,194.0
1987-03-21,0.0,198.246,186.0
1987-03-22,0.0,171.206,160.0
1987-03-23,0.0,171.206,160.0
1987-03-24,8.7,427.114,415.0
1987-03-25,6.1,319.8,303.0
1987-03-26,42.0,248.865,233.0
1987-03-27,0.0,314.575,296.0
1987-03-28,17.0,469.217,460.0
1987-03-29,6.6,360.623,345.0
1987-03-30,13.6,335.615,319.0
1987-03-31,2.6,395.333,380.0
1987-04-01,1.3,299.042,498.0
1987-04-02,48.0,438.489,943.0
1987-04-03,3.4,747.132,568.0
1987-04-04,2.3,589.303,531.0
1987-04-05,0.0,406.473,362.0
1987-04-06,0.0,358.821,328.0
1987-04-07,0.0,373.31,356.0
1987-04-08,0.0,276.991,265.0
1987-04-09,3.0,235.919,222.0
1987-04-10,0.0,204.4,206.0
1987-04-11,0.0,196.716,189.0
1987-04-12,0.0,183.09,173.0
1987-04-13,0.0,171.206,162.0
1987-04-14,0.0,165.346,157.0
1987-04-15,0.0,162.438,154.0
1987-04-16,0.0,172.68,166.0
1987-04-17,0.0,156.663,149.0
1987-04-18,16.1,163.89,146.0
1987-04-19,0.5,162.438,152.0
1987-04-20,0.0,166.806,159.0
1987-04-21,0.0,153.797,149.0
1987-04-22,10.0,162.438,157.0
1987-04-23,0.0,153.797,148.0
1987-04-24,0.0,158.101,154.0
1987-04-25,0.0,148.108,135.0
1987-04-26,19.6,148.108,140.0
1987-04-27,0.0,177.121,157.0
1987-04-28,15.6,199.78,217.0
1987-04-29,0.0,268.634,261.0
1987-04-30,0.0,266.97,271.0
1987-05-01,0.0,190.627,179.0
1987-05-02,9.5,171.206,159.0
1987-05-03,0.9,195.189,191.0
1987-05-04,0.0,263.653,242.0
1987-05-05,0.6,189.113,178.0
1987-05-06,19.4,172.68,157.0
1987-05-07,0.0,156.663,173.0
1987-05-08,0.0,155.228,170.0
1987-05-09,0.0,150.945,138.0
1987-05-10,0.0,142.479,136.0
1987-05-11,0.0,138.296,130.0
1987-05-12,0.0,138.296,128.0
1987-05-13,0.0,130.035,123.0
1987-05-14,0.0,125.956,121.0
1987-05-15,0.0,124.604,119.0
1987-05-16,5.2,120.574,115.0
1987-05-17,0.0,119.238,115.0
1987-05-18,0.0,115.257,112.0
1987-05-19,0.0,113.938,110.0
1987-05-20,0.0,112.623,109.0
1987-05-21,0.0,111.312,107.0
1987-05-22,7.6,111.312,107.0
1987-05-23,0.0,112.623,109.0
1987-05-24,0.0,110.005,106.0
1987-05-25,0.0,107.405,102.0
1987-05-26,0.0,107.405,105.0
1987-05-27,0.0,106.111,103.0
1987-05-28,0.0,103.536,102.0
1987-05-29,0.0,102.256,100.0
1987-05-30,0.0,102.256,98.0
1987-05-31,0.0,100.979,98.0
1987-06-01,0.0,100.979,97.0
1987-06-02,0.0,99.707,97.0
1987-06-03,0.0,99.707,95.0
1987-06-04,0.0,98.439,96.0
1987-06-05,0.0,97.176,93.0
1987-06-06,6.2,99.707,96.0
1987-06-07,0.0,99.707,103.0
1987-06-08,0.0,100.979,98.0
1987-06-09,0.0,97.176,95.0
1987-06-10,0.0,97.176,93.0
1987-06-11,0.0,95.918,93.0
1987-06-12,0.0,94.663,91.0
1987-06-13,0.0,97.176,97.0
1987-06-14,0.0,98.439,96.0
1987-06-15,0.0,93.413,92.0
1987-06-16,0.0,93.413,91.0
1987-06-17,0.0,92.168,90.0
1987-06-18,0.0,92.168,88.0
1987-06-19,0.0,88.46,88.0
1987-06-20,0.0,88.46,88.0
1987-06-21,0.0,88.46,87.0
1987-06-22,0.0,88.46,86.0
1987-06-23,0.0,88.46,86.0
1987-06-24,0.0,87.233,90.0
1987-06-25,0.0,88.46,87.0
1987-06-26,0.0,87.233,85.0
1987-06-27,0.0,87.233,86.0
1987-06-28,0.0,86.011,85.0
1987-06-29,0.0,86.011,85.0
1987-06-30,0.0,84.794,84.0
1987-07-01,0.0,83.582,83.0
1987-07-02,0.0,83.582,83.0
1987-07-03,0.0,82.374,81.0
1987-07-04,0.0,82.374,83.0
1987-07-05,0.0,81.171,80.0
1987-07-06,0.0,79.973,80.0
1987-07-07,0.0,81.171,79.0
1987-07-08,0.0,79.973,79.0
1987-07-09,0.0,81.171,79.0
1987-07-10,0.0,79.973,79.0
1987-07-11,0.0,77.591,79.0
1987-07-12,0.0,79.973,76.0
1987-07-13,0.0,77.591,76.0
1987-07-14,0.0,77.591,77.0
1987-07-15,0.0,77.591,76.0
1987-07-16,0.0,76.408,75.0
1987-07-17,0.0,76.408,75.0
1987-07-18,0.0,77.591,75.0
1987-07-19,0.0,76.408,75.0
1987-07-20,0.0,79.973,78.0
1987-07-21,0.0,71.725,72.0
1987-07-22,0.0,75.229,76.0
1987-07-23,0.0,74.056,75.0
1987-07-24,0.0,75.229,72.0
1987-07-25,0.0,72.888,72.0
1987-07-26,0.0,74.056,73.0
1987-07-27,0.0,72.888,75.0
1987-07-28,0.0,71.725,71.0
1987-07-29,0.0,72.888,72.0
1987-07-30,0.0,71.725,71.0
1987-07-31,0.0,69.413,72.0
1987-08-01,0.0,70.566,71.0
1987-08-02,0.0,71.725,71.0
1987-08-03,0.0,70.566,71.0
1987-08-04,0.0,70.566,72.0
1987-08-05,0.0,70.566,71.0
1987-08-06,0.0,69.413,71.0
1987-08-07,0.0,70.566,72.0
1987-08-08,0.0,70.566,72.0
1987-08-09,0.0,70.566,71.0
1987-08-10,0.0,76.408,71.0
1987-08-11,0.0,70.566,72.0
1987-08-12,0.0,69.413,70.0
1987-08-13,0.0,70.566,71.0
1987-08-14,0.0,69.413,71.0
1987-08-15,0.0,69.413,70.0
1987-08-16,0.0,68.266,70.0
1987-08-17,0.0,68.266,69.0
1987-08-18,0.0,69.413,69.0
1987-08-19,0.0,68.266,70.0
1987-08-20,0.0,68.266,69.0
1987-08-21,0.0,67.123,69.0
1987-08-22,0.0,67.123,69.0
1987-08-23,0.0,67.123,68.0
1987-08-24,0.0,65.986,68.0
1987-08-25,0.0,67.123,68.0
1987-08-26,0.0,65.986,68.0
1987-08-27,0.0,65.986,68.0
1987-08-28,0.0,65.986,68.0
1987-08-29,0.0,65.986,67.0
1987-08-30,0.0,65.986,67.0
1987-08-31,0.0,65.986,67.0
1987-09-01,0.0,65.986,69.0
1987-09-02,0.0,68.266,68.0
1987-09-03,0.0,67.123,68.0
1987-09-04,0.0,67.123,67.0
1987-09-05,0.0,64.854,67.0
1987-09-06,0.0,65.986,68.0
1987-09-07,5.8,67.123,69.0
1987-09-08,0.0,65.986,70.0
1987-09-09,14.6,68.266,70.0
1987-09-10,0.0,65.986,68.0
1987-09-11,0.0,61.491,67.0
1987-09-12,0.0,61.491,66.0
1987-09-13,0.0,65.986,68.0
1987-09-14,0.0,68.266,70.0
1987-09-15,0.0,68.266,70.0
1987-09-16,0.0,69.413,68.0
1987-09-17,0.0,64.854,67.0
1987-09-18,0.0,64.854,66.0
1987-09-19,0.0,64.854,66.0
1987-09-20,0.0,64.854,65.0
1987-09-21,0.0,64.854,66.0
1987-09-22,0.0,67.123,68.0
1987-09-23,0.0,65.986,68.0
1987-09-24,0.0,64.854,67.0
1987-09-25,0.0,71.725,73.0
1987-09-26,0.0,69.413,76.0
1987-09-27,0.0,65.986,68.0
1987-09-28,0.0,65.986,70.0
1987-09-29,0.0,64.854,69.0
1987-09-30,0.0,62.606,68.0
1987-10-01,0.0,65.986,65.0
1987-10-02,5.1,69.413,71.0
1987-10-03,0.0,68.266,70.0
1987-10-04,0.0,78.78,83.0
1987-10-05,18.8,81.171,76.0
1987-10-06,0.0,71.725,71.0
1987-10-07,0.0,67.123,70.0
1987-10-08,0.0,69.413,71.0
1987-10-09,0.0,65.986,70.0
1987-10-10,0.0,75.229,80.0
1987-10-11,0.0,70.566,72.0
1987-10-12,0.0,69.413,71.0
1987-10-13,0.0,64.854,67.0
1987-10-14,0.2,67.123,69.0
1987-10-15,0.0,67.123,69.0
1987-10-16,2.6,67.123,69.0
1987-10-17,0.0,77.591,88.0
1987-10-18,0.0,67.123,77.0
1987-10-19,0.0,68.266,69.0
1987-10-20,0.0,62.606,65.0
1987-10-21,0.0,62.606,65.0
1987-10-22,5.8,119.238,125.0
1987-10-23,0.0,92.168,95.0
1987-10-24,0.0,90.928,91.0
1987-10-25,5.3,99.707,98.0
1987-10-26,6.3,98.439,96.0
1987-10-27,0.0,139.687,138.0
1987-10-28,0.0,110.005,105.0
1987-10-29,0.0,95.918,97.0
1987-10-30,4.5,88.46,154.0
1987-10-31,4.8,139.687,128.0
1987-11-01,27.6,243.988,257.0
1987-11-02,0.0,127.312,118.0
1987-11-03,42.2,112.623,101.0
1987-11-04,0.0,87.233,87.0
1987-11-05,0.0,87.233,91.0
1987-11-06,0.0,146.695,165.0
1987-11-07,0.0,132.773,143.0
1987-11-08,0.0,110.005,110.0
1987-11-09,0.0,92.168,91.0
1987-11-10,4.8,84.794,93.0
1987-11-11,0.1,99.707,107.0
1987-11-12,0.0,110.005,105.0
1987-11-13,16.0,138.296,146.0
1987-11-14,0.0,150.945,145.0
1987-11-15,19.4,119.238,114.0
1987-11-16,39.0,153.797,160.0
1987-11-17,0.0,180.099,173.0
1987-11-18,0.0,168.269,135.0
1987-11-19,0.0,113.938,109.0
1987-11-20,20.2,100.979,97.0
1987-11-21,1.5,94.663,95.0
1987-11-22,0.3,107.405,110.0
1987-11-23,2.0,116.58,112.0
1987-11-24,0.0,99.707,101.0
1987-11-25,33.4,89.692,91.0
1987-11-26,5.9,92.168,91.0
1987-11-27,6.0,106.111,102.0
1987-11-28,0.8,213.725,218.0
1987-11-29,3.0,172.68,173.0
1987-11-30,1.4,177.121,168.0
1987-12-01,0.0,160.988,152.0
1987-12-02,7.0,205.946,199.0
1987-12-03,7.5,169.736,160.0
1987-12-04,1.1,175.637,173.0
1987-12-05,36.4,319.8,222.0
1987-12-06,2.0,366.046,378.0
1987-12-07,5.8,255.409,246.0
1987-12-08,0.0,168.269,157.0
1987-12-09,7.4,141.081,145.0
1987-12-10,1.6,181.593,168.0
1987-12-11,0.0,172.68,201.0
1987-12-12,20.6,218.43,171.0
1987-12-13,0.0,174.156,170.0
1987-12-14,10.6,231.113,213.0
1987-12-15,13.6,266.97,244.0
1987-12-16,0.0,204.4,204.0
1987-12-17,1.6,192.144,179.0
1987-12-18,4.0,250.497,235.0
1987-12-19,70.8,506.432,601.0
1987-12-20,5.0,866.192,994.0
1987-12-21,2.1,662.678,651.0
1987-12-22,10.6,357.021,315.0
1987-12-23,0.0,360.623,227.0
1987-12-24,0.0,204.4,191.0
1987-12-25,0.0,186.095,168.0
1987-12-26,0.0,175.637,171.0
1987-12-27,2.1,163.89,151.0
1987-12-28,79.0,440.393,426.0
1987-12-29,19.2,758.157,816.0
1987-12-30,0.2,406.473,373.0
1987-12-31,0.0,309.373,259.0
1988-01-01,0.4,229.517,210.0
1988-01-02,0.0,224.747,210.0
1988-01-03,85.0,339.157,290.0
1988-01-04,4.5,417.697,382.0
1988-01-05,1.4,712.15,623.0
1988-01-06,4.7,731.771,794.0
1988-01-07,4.6,579.015,566.0
1988-01-08,12.0,690.521,733.0
1988-01-09,6.2,905.381,1095.0
1988-01-10,31.0,1207.374,1443.0
1988-01-11,0.0,771.445,823.0
1988-01-12,6.0,671.212,475.0
1988-01-13,7.4,720.853,680.0
1988-01-14,4.4,480.885,463.0
1988-01-15,42.6,496.564,490.0
1988-01-16,0.0,292.208,362.0
1988-01-17,0.0,293.913,282.0
1988-01-18,0.0,253.769,248.0
1988-01-19,0.0,224.747,218.0
1988-01-20,0.0,218.43,199.0
1988-01-21,9.4,198.246,187.0
1988-01-22,4.0,204.4,199.0
1988-01-23,10.6,212.163,201.0
1988-01-24,0.0,195.189,186.0
1988-01-25,1.7,187.602,179.0
1988-01-26,0.0,175.637,165.0
1988-01-27,6.1,177.121,170.0
1988-01-28,0.0,183.09,179.0
1988-01-29,15.6,168.269,155.0
1988-01-30,4.5,149.525,145.0
1988-01-31,0.0,168.269,162.0
1988-02-01,0.2,174.156,163.0
1988-02-02,0.0,142.479,136.0
1988-02-03,0.0,193.665,187.0
1988-02-04,4.6,250.497,235.0
1988-02-05,12.6,258.698,238.0
1988-02-06,18.9,263.653,246.0
1988-02-07,101.2,492.631,408.0
1988-02-08,0.7,618.371,637.0
1988-02-09,2.4,601.714,623.0
1988-02-10,23.2,736.151,773.0
1988-02-11,1.4,500.505,482.0
1988-02-12,0.0,375.132,340.0
1988-02-13,0.0,302.475,274.0
1988-02-14,0.0,260.347,236.0
1988-02-15,4.0,263.653,253.0
1988-02-16,4.3,305.919,274.0
1988-02-17,23.2,257.052,227.0
1988-02-18,50.0,270.299,236.0
1988-02-19,4.7,476.987,508.0
1988-02-20,1.3,410.205,387.0
1988-02-21,0.0,393.485,364.0
1988-02-22,12.0,375.132,349.0
1988-02-23,58.2,520.336,505.0
1988-02-24,0.0,406.473,364.0
1988-02-25,0.0,237.527,391.0
1988-02-26,55.8,355.223,340.0
1988-02-27,2.1,326.803,292.0
1988-02-28,36.6,408.338,389.0
1988-02-29,32.2,367.858,311.0
1988-03-01,9.0,318.056,288.0
1988-03-02,3.3,282.039,257.0
1988-03-03,0.0,302.475,274.0
1988-03-04,22.2,258.698,235.0
1988-03-05,1.1,266.97,253.0
1988-03-06,0.0,302.475,276.0
1988-03-07,0.0,248.865,235.0
1988-03-08,4.4,255.409,235.0
1988-03-09,12.8,276.991,253.0
1988-03-10,4.5,283.727,257.0
1988-03-11,31.8,305.919,450.0
1988-03-12,0.5,522.331,516.0
1988-03-13,0.0,446.118,422.0
1988-03-14,0.8,348.058,319.0
1988-03-15,0.0,355.223,328.0
1988-03-16,25.0,293.913,273.0
1988-03-17,0.0,273.639,257.0
1988-03-18,71.6,502.478,453.0
1988-03-19,0.0,753.741,848.0
1988-03-20,0.0,910.023,727.0
1988-03-21,15.0,587.242,677.0
1988-03-22,0.0,423.34,391.0
1988-03-23,0.0,486.749,460.0
1988-03-24,6.5,459.554,434.0
1988-03-25,0.0,415.821,347.0
1988-03-26,5.0,339.157,307.0
1988-03-27,0.0,342.71,296.0
1988-03-28,12.5,351.635,330.0
1988-03-29,2.4,355.223,351.0
1988-03-30,0.0,276.991,257.0
1988-03-31,0.0,260.347,244.0
1988-04-01,0.0,239.138,334.0
1988-04-02,0.0,223.163,248.0
1988-04-03,0.0,227.924,211.0
1988-04-04,35.6,282.039,244.0
1988-04-05,0.0,357.021,336.0
1988-04-06,0.0,290.506,271.0
1988-04-07,0.0,240.752,218.0
1988-04-08,0.0,227.924,206.0
1988-04-09,0.0,231.113,211.0
1988-04-10,0.0,240.752,226.0
1988-04-11,5.6,245.611,229.0
1988-04-12,6.6,309.373,294.0
1988-04-13,0.0,312.838,292.0
1988-04-14,19.0,406.473,391.0
1988-04-15,0.0,351.635,321.0
1988-04-16,0.0,282.039,265.0
1988-04-17,19.6,311.105,387.0
1988-04-18,5.0,318.056,391.0
1988-04-19,0.0,252.131,231.0
1988-04-20,0.3,260.347,244.0
1988-04-21,0.0,270.299,248.0
1988-04-22,6.9,302.475,294.0
1988-04-23,0.0,207.495,198.0
1988-04-24,0.0,198.246,187.0
1988-04-25,20.8,187.602,178.0
1988-04-26,0.0,184.591,181.0
1988-04-27,0.0,186.095,174.0
1988-04-28,0.0,177.121,170.0
1988-04-29,0.0,199.78,191.0
1988-04-30,0.0,196.716,187.0
1988-05-01,0.0,180.099,174.0
1988-05-02,0.0,165.346,159.0
1988-05-03,0.0,155.228,151.0
1988-05-04,0.0,152.369,148.0
1988-05-05,0.0,150.945,146.0
1988-05-06,0.0,152.369,149.0
1988-05-07,0.0,148.108,143.0
1988-05-08,0.0,143.881,139.0
1988-05-09,0.0,142.479,139.0
1988-05-10,0.0,139.687,136.0
1988-05-11,0.0,139.687,136.0
1988-05-12,0.0,136.91,133.0
1988-05-13,0.0,134.148,128.0
1988-05-14,0.0,131.402,128.0
1988-05-15,2.2,130.035,128.0
1988-05-16,0.0,134.148,126.0
1988-05-17,0.0,128.671,126.0
1988-05-18,0.0,128.671,125.0
1988-05-19,0.0,125.956,125.0
1988-05-20,0.0,120.574,121.0
1988-05-21,0.0,120.574,122.0
1988-05-22,0.0,120.574,119.0
1988-05-23,0.0,116.58,117.0
1988-05-24,0.0,115.257,115.0
1988-05-25,0.0,115.257,114.0
1988-05-26,0.0,115.257,114.0
1988-05-27,0.0,113.938,114.0
1988-05-28,0.0,112.623,112.0
1988-05-29,0.0,112.623,112.0
1988-05-30,0.0,111.312,111.0
1988-05-31,0.0,110.005,110.0
1988-06-01,0.0,108.703,109.0
1988-06-02,0.0,108.703,107.0
1988-06-03,0.0,107.405,106.0
1988-06-04,2.7,108.703,107.0
1988-06-05,0.0,108.703,107.0
1988-06-06,0.0,108.703,107.0
1988-06-07,0.0,110.005,110.0
1988-06-08,0.0,104.822,105.0
1988-06-09,0.0,103.536,102.0
1988-06-10,0.0,102.256,101.0
1988-06-11,0.0,103.536,102.0
1988-06-12,0.0,102.256,101.0
1988-06-13,0.0,102.256,101.0
1988-06-14,0.0,99.707,100.0
1988-06-15,0.0,99.707,100.0
1988-06-16,0.0,98.439,97.0
1988-06-17,0.0,98.439,98.0
1988-06-18,0.0,98.439,98.0
1988-06-19,0.0,94.663,96.0
1988-06-20,0.0,93.413,95.0
1988-06-21,0.0,93.413,95.0
1988-06-22,0.0,92.168,95.0
1988-06-23,0.0,89.692,95.0
1988-06-24,0.0,89.692,92.0
1988-06-25,0.0,89.692,91.0
1988-06-26,0.0,89.692,92.0
1988-06-27,0.0,88.46,91.0
1988-06-28,0.0,89.692,91.0
1988-06-29,0.0,88.46,92.0
1988-06-30,0.0,87.233,90.0
1988-07-01,0.0,87.233,90.0
1988-07-02,0.0,84.794,88.0
1988-07-03,0.0,86.011,87.0
1988-07-04,0.0,87.233,87.0
1988-07-05,0.0,86.011,86.0
1988-07-06,0.0,83.582,85.0
1988-07-07,0.0,84.794,84.0
1988-07-08,0.0,84.794,86.0
1988-07-09,0.0,84.794,85.0
1988-07-10,0.0,84.794,86.0
1988-07-11,0.0,86.011,85.0
1988-07-12,0.0,83.582,85.0
1988-07-13,0.0,83.582,85.0
1988-07-14,0.0,83.582,83.0
1988-07-15,0.0,83.582,83.0
1988-07-16,0.0,82.374,83.0
1988-07-17,0.0,82.374,81.0
1988-07-18,0.0,81.171,81.0
1988-07-19,0.0,81.171,81.0
1988-07-20,0.0,81.171,84.0
1988-07-21,0.0,81.171,84.0
1988-07-22,0.0,79.973,84.0
1988-07-23,0.0,78.78,83.0
1988-07-24,0.0,78.78,81.0
1988-07-25,0.0,79.973,83.0
1988-07-26,0.0,78.78,81.0
1988-07-27,0.0,77.591,79.0
1988-07-28,0.0,78.78,79.0
1988-07-29,0.0,78.78,80.0
1988-07-30,0.0,77.591,80.0
1988-07-31,0.0,76.408,79.0
1988-08-01,0.0,76.408,79.0
1988-08-02,0.0,76.408,79.0
1988-08-03,0.0,76.408,79.0
1988-08-04,0.0,77.591,79.0
1988-08-05,0.0,75.229,78.0
1988-08-06,0.0,76.408,78.0
1988-08-07,0.0,75.229,78.0
1988-08-08,0.0,75.229,77.0
1988-08-09,0.0,71.725,77.0
1988-08-10,0.0,75.229,77.0
1988-08-11,0.0,75.229,75.0
1988-08-12,0.0,75.229,77.0
1988-08-13,0.0,74.056,77.0
1988-08-14,0.0,74.056,77.0
1988-08-15,0.0,74.056,75.0
1988-08-16,0.0,72.888,76.0
1988-08-17,0.0,71.725,75.0
1988-08-18,0.0,71.725,75.0
1988-08-19,0.0,72.888,73.0
1988-08-20,0.0,71.725,73.0
1988-08-21,0.0,70.566,75.0
1988-08-22,0.0,70.566,72.0
1988-08-23,0.0,70.566,73.0
1988-08-24,0.0,69.413,72.0
1988-08-25,0.0,69.413,73.0
1988-08-26,0.0,68.266,73.0
1988-08-27,0.0,69.413,76.0
1988-08-28,0.0,70.566,73.0
1988-08-29,0.0,71.725,71.0
1988-08-30,0.0,69.413,72.0
1988-08-31,0.0,68.266,72.0
1988-09-01,0.0,69.413,71.0
1988-09-02,0.0,69.413,72.0
1988-09-03,0.0,69.413,72.0
1988-09-04,0.0,68.266,72.0
1988-09-05,0.0,67.123,71.0
1988-09-06,0.0,67.123,71.0
1988-09-07,0.0,67.123,71.0
1988-09-08,0.0,67.123,70.0
1988-09-09,0.0,65.986,70.0
1988-09-10,0.0,64.854,71.0
1988-09-11,0.0,64.854,69.0
1988-09-12,0.0,65.986,70.0
1988-09-13,0.0,67.123,72.0
1988-09-14,0.0,65.986,69.0
1988-09-15,0.0,64.854,69.0
1988-09-16,0.0,67.123,71.0
1988-09-17,0.0,69.413,73.0
1988-09-18,0.0,72.888,77.0
1988-09-19,0.0,75.229,96.0
1988-09-20,0.0,98.439,98.0
1988-09-21,0.0,82.374,85.0
1988-09-22,0.0,72.888,77.0
1988-09-23,0.0,68.266,75.0
1988-09-24,0.0,68.266,72.0
1988-09-25,0.0,64.854,69.0
1988-09-26,0.0,68.266,71.0
1988-09-27,0.0,65.986,70.0
1988-09-28,16.2,71.725,77.0
1988-09-29,0.0,72.888,76.0
1988-09-30,0.0,70.566,75.0
1988-10-01,0.0,70.566,73.0
1988-10-02,0.0,86.011,87.0
1988-10-03,0.0,74.056,78.0
1988-10-04,8.8,76.408,80.0
1988-10-05,0.0,89.692,95.0
1988-10-06,1.1,78.78,80.0
1988-10-07,0.0,77.591,81.0
1988-10-08,0.0,74.056,80.0
1988-10-09,0.0,71.725,77.0
1988-10-10,32.2,81.171,83.0
1988-10-11,0.0,84.794,87.0
1988-10-12,22.6,87.233,92.0
1988-10-13,0.0,111.312,112.0
1988-10-14,0.0,97.176,97.0
1988-10-15,0.0,86.011,87.0
1988-10-16,0.0,81.171,83.0
1988-10-17,0.0,78.78,81.0
1988-10-18,0.0,74.056,78.0
1988-10-19,0.0,69.413,76.0
1988-10-20,0.0,72.888,76.0
1988-10-21,0.0,71.725,76.0
1988-10-22,5.2,71.725,76.0
1988-10-23,25.0,68.266,70.0
1988-10-24,0.0,67.123,69.0
1988-10-25,2.5,68.266,72.0
1988-10-26,27.0,92.168,85.0
1988-10-27,0.0,104.822,106.0
1988-10-28,0.0,78.78,80.0
1988-10-29,0.0,92.168,88.0
1988-10-30,6.9,94.663,95.0
1988-10-31,0.3,86.011,87.0
1988-11-01,4.7,93.413,85.0
1988-11-02,16.2,90.928,90.0
1988-11-03,0.0,113.938,107.0
1988-11-04,10.4,90.928,96.0
1988-11-05,0.0,86.011,90.0
1988-11-06,0.0,92.168,88.0
1988-11-07,0.0,84.794,86.0
1988-11-08,0.4,90.928,96.0
1988-11-09,0.0,78.78,77.0
1988-11-10,0.0,72.888,77.0
1988-11-11,0.0,76.408,78.0
1988-11-12,0.0,71.725,76.0
1988-11-13,0.0,67.123,70.0
1988-11-14,4.1,67.123,76.0
1988-11-15,0.0,75.229,80.0
1988-11-16,18.0,69.413,71.0
1988-11-17,0.0,79.973,76.0
1988-11-18,3.9,94.663,101.0
1988-11-19,22.4,148.108,138.0
1988-11-20,0.0,119.238,115.0
1988-11-21,12.0,98.439,98.0
1988-11-22,37.8,166.806,140.0
1988-11-23,56.2,149.525,143.0
1988-11-24,13.6,172.68,163.0
1988-11-25,24.2,142.479,135.0
1988-11-26,0.0,107.405,105.0
1988-11-27,5.3,231.113,238.0
1988-11-28,2.5,204.4,201.0
1988-11-29,0.0,135.527,129.0
1988-11-30,30.2,100.979,103.0
1988-12-01,30.2,205.946,176.0
1988-12-02,0.0,199.78,196.0
1988-12-03,3.4,184.591,178.0
1988-12-04,3.7,135.527,129.0
1988-12-05,0.0,120.574,118.0
1988-12-06,0.0,107.405,103.0
1988-12-07,0.0,97.176,97.0
1988-12-08,0.0,90.928,92.0
1988-12-09,0.0,86.011,91.0
1988-12-10,22.4,141.081,130.0
1988-12-11,0.0,108.703,106.0
1988-12-12,3.0,115.257,109.0
1988-12-13,24.0,128.671,123.0
1988-12-14,24.0,399.037,347.0
1988-12-15,1.7,355.223,330.0
1988-12-16,0.0,242.368,213.0
1988-12-17,3.7,153.797,148.0
1988-12-18,0.0,187.602,171.0
1988-12-19,46.0,168.269,165.0
1988-12-20,1.0,178.608,173.0
1988-12-21,1.0,150.945,145.0
1988-12-22,13.4,135.527,130.0
1988-12-23,15.2,152.369,146.0
1988-12-24,45.2,150.945,140.0
1988-12-25,5.1,175.637,165.0
1988-12-26,0.4,168.269,171.0
1988-12-27,0.0,285.417,271.0
1988-12-28,6.7,202.856,184.0
1988-12-29,0.4,145.286,140.0
1988-12-30,5.6,152.369,149.0
1988-12-31,8.9,218.43,191.0
1989-01-01,0.9,145.286,138.0
1989-01-02,0.0,128.671,133.0
1989-01-03,3.1,195.189,229.0
1989-01-04,22.2,255.409,226.0
1989-01-05,35.6,297.33,277.0
1989-01-06,12.8,429.004,405.0
1989-01-07,3.3,397.184,378.0
1989-01-08,46.4,490.668,480.0
1989-01-09,20.2,802.693,887.0
1989-01-10,3.5,1047.38,1123.0
1989-01-11,7.9,686.217,663.0
1989-01-12,17.1,482.837,470.0
1989-01-13,2.2,342.71,326.0
1989-01-14,0.0,288.807,264.0
1989-01-15,95.2,620.461,567.0
1989-01-16,46.6,804.938,828.0
1989-01-17,5.6,622.554,622.0
1989-01-18,0.5,791.494,833.0
1989-01-19,0.0,793.731,818.0
1989-01-20,12.3,593.432,588.0
1989-01-21,0.0,425.226,415.0
1989-01-22,0.0,371.49,367.0
1989-01-23,0.0,297.33,286.0
1989-01-24,0.0,271.968,257.0
1989-01-25,1.8,367.858,362.0
1989-01-26,12.5,417.697,415.0
1989-01-27,39.4,413.947,412.0
1989-01-28,7.2,367.858,362.0
1989-01-29,10.0,360.623,355.0
1989-01-30,19.1,378.783,373.0
1989-01-31,3.2,369.673,364.0
1989-02-01,11.2,442.299,422.0
1989-02-02,0.0,330.32,321.0
1989-02-03,0.0,275.314,262.0
1989-02-04,36.6,268.634,253.0
1989-02-05,0.0,285.417,273.0
1989-02-06,55.4,576.963,548.0
1989-02-07,0.0,733.96,734.0
1989-02-08,11.9,603.789,598.0
1989-02-09,2.0,508.412,520.0
1989-02-10,0.4,802.693,855.0
1989-02-11,11.8,912.346,900.0
1989-02-12,7.2,736.151,746.0
1989-02-13,5.0,729.584,746.0
1989-02-14,7.0,681.921,697.0
1989-02-15,3.1,686.217,714.0
1989-02-16,33.1,579.015,581.0
1989-02-17,7.5,534.343,536.0
1989-02-18,5.9,607.946,610.0
1989-02-19,0.0,473.098,473.0
1989-02-20,0.0,408.338,405.0
1989-02-21,4.6,393.485,389.0
1989-02-22,53.0,395.333,392.0
1989-02-23,1.7,349.845,344.0
1989-02-24,0.0,319.8,310.0
1989-02-25,31.6,348.058,342.0
1989-02-26,0.0,524.328,527.0
1989-02-27,0.0,889.187,892.0
1989-02-28,1.9,601.714,603.0
1989-03-01,0.0,384.279,380.0
1989-03-02,0.0,353.428,346.0
1989-03-03,0.0,292.208,279.0
1989-03-04,0.0,261.998,246.0
1989-03-05,10.2,252.131,236.0
1989-03-06,32.4,504.454,505.0
1989-03-07,0.0,556.557,557.0
1989-03-08,32.2,367.858,362.0
1989-03-09,0.8,312.838,304.0
1989-03-10,19.2,618.371,658.0
1989-03-11,0.0,593.432,620.0
1989-03-12,38.0,461.482,422.0
1989-03-13,4.0,430.897,433.0
1989-03-14,0.6,841.089,960.0
1989-03-15,24.2,1042.557,1103.0
1989-03-16,0.0,825.22,882.0
1989-03-17,0.0,643.587,680.0
1989-03-18,3.8,522.331,620.0
1989-03-19,0.0,628.844,673.0
1989-03-20,14.6,782.566,695.0
1989-03-21,33.2,780.338,825.0
1989-03-22,22.4,804.938,847.0
1989-03-23,3.8,612.11,641.0
1989-03-24,4.1,538.363,548.0
1989-03-25,7.0,492.631,480.0
1989-03-26,0.0,391.639,387.0
1989-03-27,22.0,467.28,466.0
1989-03-28,6.2,465.345,463.0
1989-03-29,0.0,378.783,369.0
1989-03-30,12.8,395.333,392.0
1989-03-31,0.0,421.457,415.0
1989-04-01,0.0,305.919,299.0
1989-04-02,0.0,275.314,270.0
1989-04-03,0.0,273.639,264.0
1989-04-04,0.0,245.611,236.0
1989-04-05,3.7,237.527,229.0
1989-04-06,0.0,224.747,217.0
1989-04-07,0.0,210.604,203.0
1989-04-08,0.0,196.716,192.0
1989-04-09,0.0,198.246,192.0
1989-04-10,0.4,198.246,191.0
1989-04-11,90.0,432.791,410.0
1989-04-12,6.6,664.809,702.0
1989-04-13,16.4,494.596,456.0
1989-04-14,0.0,440.393,435.0
1989-04-15,31.2,480.885,475.0
1989-04-16,0.9,427.114,412.0
1989-04-17,0.0,280.353,266.0
1989-04-18,0.0,243.988,233.0
1989-04-19,0.0,307.645,301.0
1989-04-20,1.2,273.639,277.0
1989-04-21,19.0,175.637,246.0
1989-04-22,36.0,292.208,281.0
1989-04-23,0.0,328.56,317.0
1989-04-24,0.0,240.752,236.0
1989-04-25,0.0,253.769,248.0
1989-04-26,16.0,178.608,244.0
1989-04-27,56.0,421.457,389.0
1989-04-28,0.0,387.954,380.0
1989-04-29,0.0,292.208,275.0
1989-04-30,0.0,242.368,233.0
1989-05-01,0.0,265.31,251.0
1989-05-02,2.2,250.497,246.0
1989-05-03,0.0,226.334,217.0
1989-05-04,0.0,204.4,199.0
1989-05-05,0.0,235.919,211.0
1989-05-06,0.0,227.924,224.0
1989-05-07,0.0,207.495,203.0
1989-05-08,0.0,187.602,186.0
1989-05-09,0.0,177.121,176.0
1989-05-10,0.0,169.736,170.0
1989-05-11,0.0,168.269,166.0
1989-05-12,0.0,163.89,178.0
1989-05-13,0.0,178.608,192.0
1989-05-14,0.0,155.228,160.0
1989-05-15,0.0,152.369,152.0
1989-05-16,0.0,150.945,149.0
1989-05-17,0.0,146.695,146.0
1989-05-18,0.0,142.479,143.0
1989-05-19,0.0,141.081,142.0
1989-05-20,0.0,138.296,139.0
1989-05-21,0.0,135.527,138.0
1989-05-22,0.0,135.527,136.0
1989-05-23,0.0,132.773,135.0
1989-05-24,0.0,132.773,132.0
1989-05-25,0.0,131.402,130.0
1989-05-26,0.0,128.671,130.0
1989-05-27,0.0,125.956,132.0
1989-05-28,0.0,127.312,129.0
1989-05-29,0.0,125.956,126.0
1989-05-30,0.0,124.604,112.0
1989-05-31,0.0,123.257,111.0
1989-06-01,0.0,121.913,123.0
1989-06-02,0.0,119.238,123.0
1989-06-03,0.0,119.238,121.0
1989-06-04,0.0,116.58,119.0
1989-06-05,0.0,117.907,118.0
1989-06-06,0.0,115.257,117.0
1989-06-07,0.0,113.938,117.0
1989-06-08,0.0,112.623,114.0
1989-06-09,0.0,113.938,117.0
1989-06-10,3.2,112.623,115.0
1989-06-11,0.0,112.623,112.0
1989-06-12,0.0,123.257,123.0
1989-06-13,0.0,102.256,102.0
1989-06-14,0.0,110.005,110.0
1989-06-15,0.0,110.005,107.0
1989-06-16,0.0,110.005,107.0
1989-06-17,0.0,110.005,109.0
1989-06-18,0.0,111.312,111.0
1989-06-19,0.0,111.312,110.0
1989-06-20,0.0,108.703,107.0
1989-06-21,0.0,106.111,106.0
1989-06-22,0.0,103.536,103.0
1989-06-23,0.0,103.536,102.0
1989-06-24,0.0,102.256,103.0
1989-06-25,0.0,102.256,102.0
1989-06-26,0.0,103.536,105.0
1989-06-27,0.0,102.256,103.0
1989-06-28,0.0,102.256,102.0
1989-06-29,4.9,106.111,106.0
1989-06-30,0.0,107.405,107.0
1989-07-01,0.0,103.536,102.0
1989-07-02,0.0,100.979,102.0
1989-07-03,14.0,108.703,107.0
1989-07-04,0.0,116.58,114.0
1989-07-05,0.0,107.405,105.0
1989-07-06,0.0,102.256,101.0
1989-07-07,0.0,100.979,100.0
1989-07-08,0.0,100.979,100.0
1989-07-09,0.0,99.707,98.0
1989-07-10,0.0,99.707,98.0
1989-07-11,0.0,98.439,97.0
1989-07-12,0.0,97.176,96.0
1989-07-13,0.0,95.918,95.0
1989-07-14,0.0,95.918,96.0
1989-07-15,0.0,94.663,95.0
1989-07-16,0.0,93.413,93.0
1989-07-17,0.0,93.413,92.0
1989-07-18,0.0,90.928,92.0
1989-07-19,0.0,92.168,92.0
1989-07-20,0.0,90.928,91.0
1989-07-21,0.0,89.692,91.0
1989-07-22,0.0,89.692,90.0
1989-07-23,0.0,88.46,90.0
1989-07-24,0.0,89.692,88.0
1989-07-25,0.0,88.46,90.0
1989-07-26,0.0,88.46,88.0
1989-07-27,0.0,87.233,101.0
1989-07-28,0.0,86.011,87.0
1989-07-29,0.0,87.233,88.0
1989-07-30,0.0,87.233,87.0
1989-07-31,11.6,92.168,95.0
1989-08-01,0.0,83.582,96.0
1989-08-02,0.0,77.591,91.0
1989-08-03,0.0,82.374,91.0
1989-08-04,3.6,100.979,102.0
1989-08-05,0.3,103.536,103.0
1989-08-06,0.0,103.536,101.0
1989-08-07,0.0,106.111,105.0
1989-08-08,0.0,115.257,109.0
1989-08-09,0.0,98.439,100.0
1989-08-10,0.0,98.439,100.0
1989-08-11,0.0,95.918,97.0
1989-08-12,0.0,90.928,91.0
1989-08-13,0.0,90.928,90.0
1989-08-14,0.0,90.928,90.0
1989-08-15,0.0,87.233,87.0
1989-08-16,0.0,87.233,87.0
1989-08-17,0.0,86.011,86.0
1989-08-18,0.0,84.794,86.0
1989-08-19,0.0,87.233,85.0
1989-08-20,0.0,83.582,84.0
1989-08-21,0.0,82.374,84.0
1989-08-22,0.0,82.374,83.0
1989-08-23,0.0,82.374,83.0
1989-08-24,0.0,79.973,81.0
1989-08-25,0.0,79.973,81.0
1989-08-26,11.2,81.171,84.0
1989-08-27,0.0,87.233,97.0
1989-08-28,0.0,93.413,88.0
1989-08-29,0.0,99.707,103.0
1989-08-30,0.0,119.238,117.0
1989-08-31,0.0,95.918,96.0
1989-09-01,0.0,88.46,88.0
1989-09-02,0.0,86.011,87.0
1989-09-03,0.0,83.582,85.0
1989-09-04,0.0,83.582,84.0
1989-09-05,0.0,82.374,84.0
1989-09-06,0.0,81.171,86.0
1989-09-07,13.4,81.171,83.0
1989-09-08,0.0,78.78,83.0
1989-09-09,0.9,81.171,83.0
1989-09-10,30.6,76.408,85.0
1989-09-11,0.0,103.536,86.0
1989-09-12,0.0,90.928,85.0
1989-09-13,0.0,92.168,84.0
1989-09-14,0.0,86.011,86.0
1989-09-15,0.0,82.374,84.0
1989-09-16,0.0,81.171,83.0
1989-09-17,0.0,78.78,83.0
1989-09-18,0.0,78.78,83.0
1989-09-19,0.0,78.78,81.0
1989-09-20,0.0,76.408,83.0
1989-09-21,0.0,76.408,83.0
1989-09-22,0.0,75.229,81.0
1989-09-23,0.0,75.229,83.0
1989-09-24,0.0,74.056,81.0
1989-09-25,0.0,83.582,81.0
1989-09-26,0.0,78.78,78.0
1989-09-27,0.0,77.591,78.0
1989-09-28,0.0,76.408,80.0
1989-09-29,0.0,75.229,81.0
1989-09-30,0.0,76.408,78.0
1989-10-01,0.0,75.229,80.0
1989-10-02,4.8,83.582,84.0
1989-10-03,0.0,84.794,85.0
1989-10-04,0.0,81.171,81.0
1989-10-05,0.0,77.591,78.0
1989-10-06,0.0,77.591,77.0
1989-10-07,0.0,75.229,77.0
1989-10-08,0.0,74.056,76.0
1989-10-09,0.0,72.888,73.0
1989-10-10,29.8,93.413,85.0
1989-10-11,19.4,86.011,83.0
1989-10-12,0.0,83.582,84.0
1989-10-13,1.6,84.794,84.0
1989-10-14,0.0,86.011,86.0
1989-10-15,0.0,83.582,83.0
1989-10-16,16.0,127.312,136.0
1989-10-17,0.0,94.663,93.0
1989-10-18,0.0,84.794,84.0
1989-10-19,0.0,82.374,83.0
1989-10-20,0.0,79.973,80.0
1989-10-21,0.0,75.229,90.0
1989-10-22,22.8,78.78,85.0
1989-10-23,0.0,102.256,100.0
1989-10-24,0.0,93.413,92.0
1989-10-25,0.0,93.413,92.0
1989-10-26,0.0,82.374,83.0
1989-10-27,8.2,220.005,215.0
1989-10-28,0.0,321.547,304.0
1989-10-29,0.0,245.611,218.0
1989-10-30,0.0,125.956,126.0
1989-10-31,0.0,123.257,117.0
1989-11-01,0.0,95.918,97.0
1989-11-02,0.0,92.168,88.0
1989-11-03,0.0,87.233,86.0
1989-11-04,4.6,82.374,83.0
1989-11-05,41.4,103.536,67.0
1989-11-06,0.0,135.527,139.0
1989-11-07,0.0,108.703,125.0
1989-11-08,3.4,104.822,102.0
1989-11-09,0.0,107.405,95.0
1989-11-10,59.6,184.591,210.0
1989-11-11,35.6,271.968,284.0
1989-11-12,3.8,380.613,328.0
1989-11-13,6.6,243.988,240.0
1989-11-14,0.0,224.747,224.0
1989-11-15,0.0,166.806,157.0
1989-11-16,0.0,135.527,129.0
1989-11-17,0.0,119.238,118.0
1989-11-18,0.0,113.938,112.0
1989-11-19,0.0,111.312,109.0
1989-11-20,0.0,110.005,110.0
1989-11-21,0.0,107.405,106.0
1989-11-22,16.6,100.979,100.0
1989-11-23,0.0,98.439,98.0
1989-11-24,0.0,93.413,93.0
1989-11-25,0.0,89.692,91.0
1989-11-26,0.0,87.233,88.0
1989-11-27,0.0,116.58,106.0
1989-11-28,0.0,102.256,101.0
1989-11-29,0.0,130.035,132.0
1989-11-30,0.0,111.312,110.0
1989-12-01,7.6,128.671,139.0
1989-12-02,5.2,146.695,138.0
1989-12-03,64.0,240.752,233.0
1989-12-04,48.2,253.769,240.0
1989-12-05,3.0,202.856,189.0
1989-12-06,18.4,260.347,266.0
1989-12-07,10.2,266.97,198.0
1989-12-08,0.0,127.312,220.0
1989-12-09,0.0,180.099,174.0
1989-12-10,4.8,193.665,194.0
1989-12-11,0.0,171.206,171.0
1989-12-12,19.4,223.163,227.0
1989-12-13,1.0,293.913,295.0
1989-12-14,4.2,216.859,210.0
1989-12-15,0.0,187.602,182.0
1989-12-16,16.7,283.727,304.0
1989-12-17,0.0,367.858,376.0
1989-12-18,13.6,373.31,364.0
1989-12-19,1.2,316.314,326.0
1989-12-20,0.0,260.347,255.0
1989-12-21,0.0,212.163,210.0
1989-12-22,0.0,181.593,181.0
1989-12-23,0.0,163.89,165.0
1989-12-24,7.2,158.101,184.0
1989-12-25,0.0,166.806,171.0
1989-12-26,10.4,202.856,206.0
1989-12-27,36.6,375.132,362.0
1989-12-28,0.0,283.727,266.0
1989-12-29,3.8,330.32,315.0
1989-12-30,6.6,323.296,308.0
1989-12-31,4.6,581.069,588.0
